calories,total_fat_g,saturated_fat_g,trans_fat_g,cholesterol_mg,sodium_mg,carbs_g,fiber_g,sugars_g,protein_g
250.0,9.0,3.5,0.5,25.0,520.0,31.0,2.0,6.0,12.0
300.0,12.0,6.0,0.5,40.0,750.0,33.0,2.0,6.0,15.0
440.0,23.0,11.0,1.5,80.0,1150.0,34.0,2.0,7.0,25.0
390.0,19.0,8.0,1.0,65.0,920.0,33.0,2.0,7.0,22.0
510.0,26.0,12.0,1.5,90.0,1190.0,40.0,3.0,9.0,29.0
740.0,42.0,19.0,2.5,155.0,1380.0,40.0,3.0,9.0,48.0
540.0,29.0,10.0,1.5,75.0,1040.0,45.0,3.0,9.0,25.0
460.0,24.0,8.0,1.5,70.0,720.0,37.0,3.0,8.0,24.0
510.0,28.0,11.0,1.5,85.0,960.0,38.0,3.0,8.0,27.0
790.0,39.0,17.0,2.0,145.0,2070.0,63.0,4.0,13.0,45.0
750.0,39.0,16.0,2.0,135.0,1700.0,61.0,4.0,10.0,40.0
770.0,40.0,17.0,2.0,135.0,1170.0,59.0,4.0,8.0,44.0
380.0,18.0,3.5,0.0,40.0,640.0,38.0,2.0,5.0,15.0
360.0,16.0,3.0,0.0,35.0,830.0,40.0,2.0,5.0,14.0
500.0,26.0,10.0,0.0,70.0,980.0,44.0,3.0,11.0,22.0
360.0,9.0,2.0,0.0,65.0,820.0,41.0,4.0,8.0,27.0
510.0,22.0,3.5,0.0,45.0,990.0,56.0,3.0,10.0,24.0
460.0,17.0,6.0,0.0,90.0,1040.0,43.0,4.0,9.0,35.0
620.0,29.0,7.0,0.0,70.0,1200.0,57.0,3.0,11.0,31.0
380.0,10.0,3.0,0.0,75.0,1000.0,41.0,4.0,9.0,31.0
540.0,23.0,4.5,0.0,55.0,1160.0,56.0,3.0,11.0,27.0
400.0,17.0,3.0,0.0,45.0,1030.0,39.0,1.0,6.0,24.0
340.0,17.0,4.5,0.0,30.0,810.0,33.0,1.0,2.0,14.0
270.0,10.0,4.0,0.0,45.0,830.0,26.0,1.0,2.0,18.0
330.0,16.0,4.5,0.0,30.0,780.0,34.0,1.0,4.0,14.0
260.0,9.0,3.5,0.0,45.0,800.0,27.0,1.0,4.0,18.0
330.0,15.0,4.5,0.0,30.0,810.0,35.0,1.0,4.0,14.0
260.0,9.0,3.5,0.0,45.0,830.0,28.0,1.0,5.0,18.0
390.0,21.0,9.0,1.0,75.0,1080.0,28.0,1.0,4.0,21.0
800.0,39.0,18.0,2.0,145.0,2020.0,66.0,4.0,16.0,45.0
400.0,22.0,10.0,1.0,75.0,1060.0,30.0,1.0,6.0,21.0
410.0,25.0,10.0,1.5,75.0,990.0,27.0,2.0,3.0,20.0
430.0,26.0,10.0,1.5,75.0,730.0,27.0,2.0,2.0,22.0
330.0,19.0,7.0,1.0,45.0,690.0,26.0,1.0,3.0,15.0
230.0,11.0,1.5,0.0,0.0,160.0,29.0,3.0,0.0,3.0
380.0,19.0,2.5,0.0,0.0,270.0,48.0,5.0,0.0,4.0
500.0,25.0,3.5,0.0,0.0,350.0,63.0,6.0,0.0,6.0
15.0,0.0,0.0,0.0,0.0,110.0,3.0,0.0,2.0,0.0
0.0,0.0,0.0,0.0,0.0,270.0,0.0,0.0,0.0,0.0
190.0,12.0,2.0,0.0,25.0,360.0,12.0,1.0,0.0,9.0
280.0,18.0,3.0,0.0,40.0,540.0,18.0,1.0,0.0,13.0
470.0,30.0,5.0,0.0,65.0,900.0,30.0,2.0,0.0,22.0
50.0,0.0,0.0,0.0,0.0,260.0,12.0,0.0,10.0,0.0
50.0,0.0,0.0,0.0,0.0,0.0,12.0,0.0,11.0,0.0
60.0,2.5,0.0,0.0,5.0,250.0,9.0,2.0,6.0,1.0
50.0,0.0,0.0,0.0,0.0,150.0,12.0,0.0,10.0,0.0
400.0,24.0,3.5,0.0,50.0,1010.0,23.0,0.0,0.0,23.0
660.0,40.0,6.0,0.0,85.0,1680.0,39.0,0.0,0.0,38.0
60.0,6.0,1.0,0.0,0.0,800.0,1.0,1.0,0.0,0.0
170.0,18.0,3.0,0.0,10.0,270.0,2.0,0.0,1.0,0.0
60.0,2.0,0.0,0.0,5.0,140.0,10.0,0.0,8.0,0.0
60.0,0.0,0.0,0.0,0.0,210.0,15.0,1.0,11.0,0.0
320.0,9.0,3.0,0.0,70.0,960.0,30.0,6.0,11.0,30.0
430.0,20.0,4.0,0.0,55.0,920.0,38.0,6.0,12.0,26.0
140.0,4.5,2.0,0.0,10.0,150.0,20.0,6.0,6.0,6.0
260.0,9.0,4.0,0.0,90.0,1010.0,12.0,3.0,5.0,33.0
370.0,20.0,6.0,0.0,75.0,970.0,20.0,3.0,6.0,29.0
140.0,7.0,3.5,0.0,25.0,300.0,10.0,3.0,4.0,9.0
220.0,6.0,3.0,0.0,75.0,890.0,12.0,3.0,5.0,30.0
330.0,17.0,4.5,0.0,60.0,840.0,20.0,3.0,6.0,26.0
90.0,4.0,2.5,0.0,10.0,180.0,9.0,3.0,4.0,7.0
20.0,0.0,0.0,0.0,0.0,10.0,4.0,1.0,2.0,1.0
60.0,1.5,0.0,0.0,0.0,140.0,10.0,1.0,0.0,2.0
210.0,8.0,1.5,0.0,5.0,60.0,31.0,2.0,25.0,4.0
100.0,6.0,1.0,0.0,20.0,340.0,11.0,0.0,3.0,1.0
190.0,18.0,3.5,0.0,20.0,500.0,4.0,0.0,2.0,2.0
40.0,3.0,0.0,0.0,0.0,730.0,4.0,0.0,3.0,0.0
60.0,2.5,0.0,0.0,0.0,730.0,8.0,0.0,1.0,1.0
170.0,15.0,2.5,0.0,20.0,530.0,9.0,0.0,4.0,1.0
300.0,12.0,5.0,0.0,260.0,820.0,30.0,2.0,3.0,18.0
370.0,22.0,8.0,0.0,45.0,850.0,29.0,2.0,2.0,14.0
450.0,27.0,10.0,0.0,285.0,920.0,30.0,2.0,2.0,21.0
160.0,3.0,0.5,0.0,0.0,280.0,27.0,2.0,2.0,5.0
420.0,23.0,12.0,0.0,235.0,1160.0,37.0,2.0,3.0,15.0
480.0,27.0,12.0,0.0,235.0,1270.0,43.0,3.0,4.0,15.0
510.0,33.0,14.0,0.0,250.0,1170.0,36.0,2.0,2.0,18.0
570.0,37.0,15.0,0.0,250.0,1280.0,42.0,3.0,3.0,18.0
430.0,27.0,12.0,0.0,30.0,1080.0,34.0,2.0,2.0,11.0
480.0,31.0,13.0,0.0,30.0,1190.0,39.0,3.0,3.0,11.0
410.0,20.0,8.0,0.0,30.0,1180.0,41.0,2.0,3.0,17.0
470.0,24.0,9.0,0.0,30.0,1290.0,46.0,3.0,4.0,17.0
660.0,33.0,12.0,1.0,300.0,1580.0,56.0,3.0,7.0,33.0
420.0,18.0,8.0,0.0,240.0,1110.0,48.0,2.0,15.0,15.0
560.0,32.0,12.0,0.0,265.0,1360.0,48.0,2.0,15.0,20.0
420.0,22.0,8.0,0.0,35.0,1030.0,44.0,2.0,15.0,11.0
740.0,48.0,17.0,0.0,555.0,1560.0,51.0,3.0,3.0,28.0
800.0,52.0,18.0,0.0,555.0,1680.0,56.0,4.0,3.0,28.0
1090.0,56.0,19.0,0.0,575.0,2150.0,111.0,6.0,17.0,36.0
1150.0,60.0,20.0,0.0,575.0,2260.0,116.0,7.0,17.0,36.0
300.0,16.0,7.0,0.0,115.0,830.0,26.0,1.0,2.0,12.0
610.0,36.0,14.0,0.5,410.0,1390.0,44.0,3.0,4.0,27.0
350.0,9.0,2.0,0.0,20.0,590.0,60.0,3.0,14.0,8.0
520.0,24.0,7.0,0.0,50.0,930.0,61.0,3.0,14.0,15.0
180.0,0.0,0.0,0.0,0.0,20.0,45.0,0.0,32.0,0.0
40.0,4.5,1.5,0.0,0.0,55.0,0.0,0.0,0.0,0.0
150.0,9.0,1.5,0.0,0.0,310.0,15.0,2.0,0.0,1.0
35.0,0.0,0.0,0.0,0.0,0.0,9.0,0.0,9.0,0.0
35.0,0.0,0.0,0.0,0.0,0.0,9.0,0.0,9.0,0.0
560.0,27.0,9.0,0.5,260.0,1300.0,56.0,3.0,7.0,24.0
290.0,4.5,2.0,0.0,10.0,160.0,57.0,5.0,32.0,5.0
260.0,4.5,2.0,0.0,10.0,115.0,48.0,5.0,18.0,5.0
475.0,16.0,5.5,0.0,40.0,690.0,62.0,2.0,20.0,22.0
395.0,17.0,3.5,0.0,35.0,510.0,41.0,1.0,14.0,19.0
475.0,22.0,4.5,0.0,50.0,680.0,46.0,2.0,14.0,24.0
160.0,2.0,1.0,0.0,5.0,85.0,31.0,1.0,21.0,4.0
70.0,0.5,0.0,0.0,5.0,35.0,15.0,0.0,9.0,0.0
150.0,3.5,2.0,0.0,15.0,60.0,24.0,0.0,18.0,4.0
45.0,1.0,0.5,0.0,5.0,20.0,8.0,0.0,6.0,1.0
280.0,6.0,4.0,0.0,25.0,95.0,49.0,1.0,45.0,6.0
340.0,8.0,5.0,0.0,30.0,160.0,60.0,1.0,44.0,7.0
330.0,10.0,7.0,0.0,25.0,180.0,54.0,2.0,48.0,8.0
45.0,3.5,0.5,0.0,0.0,0.0,2.0,1.0,0.0,2.0
710.0,25.0,16.0,1.0,60.0,220.0,105.0,4.0,97.0,15.0
580.0,19.0,10.0,1.0,50.0,320.0,89.0,3.0,73.0,13.0
250.0,13.0,7.0,0.0,0.0,170.0,32.0,4.0,13.0,2.0
460.0,19.0,9.0,0.0,15.0,370.0,66.0,3.0,32.0,6.0
260.0,8.0,2.5,0.0,0.0,300.0,43.0,1.0,13.0,4.0
160.0,8.0,3.5,0.0,10.0,90.0,21.0,1.0,15.0,2.0
150.0,6.0,2.5,0.0,10.0,135.0,22.0,1.0,13.0,2.0
160.0,7.0,3.0,0.0,5.0,120.0,21.0,0.0,11.0,2.0
100.0,0.5,0.0,0.0,5.0,35.0,23.0,0.0,15.0,0.0
580.0,17.0,10.0,1.0,50.0,240.0,94.0,1.0,77.0,11.0
720.0,20.0,12.0,1.0,60.0,300.0,119.0,1.0,98.0,15.0
880.0,24.0,15.0,1.5,75.0,370.0,147.0,1.0,121.0,18.0
440.0,10.0,6.0,0.5,40.0,190.0,76.0,1.0,63.0,10.0
580.0,14.0,8.0,1.0,50.0,250.0,102.0,1.0,84.0,13.0
770.0,18.0,11.0,1.0,70.0,330.0,134.0,1.0,111.0,18.0
1160.0,27.0,16.0,2.0,100.0,510.0,203.0,2.0,168.0,27.0
430.0,16.0,10.0,0.5,35.0,130.0,64.0,2.0,59.0,9.0
340.0,12.0,6.0,0.0,30.0,200.0,53.0,2.0,43.0,8.0
570.0,17.0,10.0,1.0,50.0,170.0,92.0,0.0,79.0,11.0
710.0,20.0,12.0,1.0,65.0,210.0,116.0,0.0,100.0,14.0
860.0,24.0,15.0,1.5,75.0,260.0,144.0,0.0,124.0,18.0
420.0,10.0,6.0,0.5,40.0,130.0,73.0,0.0,63.0,10.0
560.0,13.0,8.0,1.0,50.0,170.0,97.0,0.0,84.0,13.0
740.0,18.0,11.0,1.0,70.0,230.0,128.0,0.0,111.0,17.0
1110.0,26.0,16.0,2.0,100.0,350.0,194.0,0.0,168.0,25.0
540.0,16.0,10.0,1.0,45.0,170.0,88.0,0.0,64.0,10.0
680.0,20.0,12.0,1.0,60.0,220.0,111.0,0.0,82.0,14.0
830.0,24.0,14.0,1.5,75.0,270.0,138.0,0.0,103.0,17.0
1110.0,26.0,16.0,2.0,100.0,370.0,193.0,0.0,145.0,25.0
420.0,10.0,6.0,0.5,40.0,140.0,72.0,0.0,54.0,9.0
550.0,13.0,8.0,1.0,50.0,190.0,96.0,0.0,72.0,13.0
740.0,18.0,11.0,1.0,70.0,250.0,128.0,0.0,96.0,17.0
100.0,2.5,1.5,0.0,10.0,125.0,12.0,0.0,12.0,8.0
170.0,3.0,1.5,0.0,5.0,150.0,26.0,1.0,25.0,9.0
100.0,0.0,0.0,0.0,0.0,15.0,23.0,0.0,22.0,0.0
0.0,0.0,0.0,0.0,0.0,0.0,0.0,0.0,0.0,0.0
150.0,0.0,0.0,0.0,0.0,0.0,30.0,0.0,30.0,2.0
190.0,0.0,0.0,0.0,0.0,0.0,39.0,0.0,39.0,3.0
280.0,0.0,0.0,0.0,0.0,5.0,58.0,0.0,58.0,4.0
110.0,0.0,0.0,0.0,0.0,5.0,29.0,0.0,29.0,0.0
150.0,0.0,0.0,0.0,0.0,10.0,40.0,0.0,40.0,0.0
210.0,0.0,0.0,0.0,0.0,15.0,58.0,0.0,58.0,0.0
310.0,0.0,0.0,0.0,0.0,20.0,86.0,0.0,86.0,0.0
0.0,0.0,0.0,0.0,0.0,15.0,0.0,0.0,0.0,0.0
0.0,0.0,0.0,0.0,0.0,20.0,0.0,0.0,0.0,0.0
0.0,0.0,0.0,0.0,0.0,30.0,0.0,0.0,0.0,0.0
0.0,0.0,0.0,0.0,0.0,45.0,0.0,0.0,0.0,0.0
110.0,0.0,0.0,0.0,0.0,30.0,28.0,0.0,28.0,0.0
150.0,0.0,0.0,0.0,0.0,40.0,39.0,0.0,39.0,0.0
210.0,0.0,0.0,0.0,0.0,55.0,56.0,0.0,56.0,0.0
310.0,0.0,0.0,0.0,0.0,80.0,83.0,0.0,83.0,0.0
120.0,0.0,0.0,0.0,0.0,0.0,32.0,0.0,32.0,0.0
160.0,0.0,0.0,0.0,0.0,5.0,44.0,0.0,44.0,0.0
240.0,0.0,0.0,0.0,0.0,10.0,64.0,0.0,64.0,0.0
350.0,0.0,0.0,0.0,0.0,10.0,94.0,0.0,94.0,0.0
70.0,0.0,0.0,0.0,0.0,65.0,20.0,0.0,16.0,0.0
100.0,0.0,0.0,0.0,0.0,85.0,27.0,0.0,21.0,0.0
150.0,0.0,0.0,0.0,0.0,130.0,39.0,0.0,31.0,0.0
220.0,0.0,0.0,0.0,0.0,190.0,58.0,0.0,46.0,0.0
0.0,0.0,0.0,0.0,0.0,5.0,0.0,0.0,0.0,0.0
0.0,0.0,0.0,0.0,0.0,10.0,0.0,0.0,0.0,0.0
0.0,0.0,0.0,0.0,0.0,15.0,0.0,0.0,0.0,0.0
0.0,0.0,0.0,0.0,0.0,20.0,1.0,0.0,0.0,0.0
0.0,0.0,0.0,0.0,0.0,0.0,0.0,0.0,0.0,0.0
0.0,0.0,0.0,0.0,0.0,0.0,0.0,0.0,0.0,0.0
20.0,2.0,1.5,0.0,10.0,15.0,0.0,0.0,0.0,0.0
15.0,0.0,0.0,0.0,0.0,0.0,4.0,0.0,4.0,0.0
0.0,0.0,0.0,0.0,0.0,0.0,1.0,0.0,1.0,0.0
0.0,0.0,0.0,0.0,0.0,0.0,1.0,0.0,1.0,0.0
130.0,5.0,3.5,0.0,20.0,80.0,21.0,0.0,20.0,1.0
190.0,8.0,5.0,0.0,30.0,115.0,27.0,0.0,27.0,2.0
270.0,11.0,7.0,0.0,40.0,160.0,41.0,0.0,41.0,2.0
130.0,5.0,3.5,0.0,20.0,40.0,21.0,0.0,21.0,1.0
190.0,8.0,5.0,0.0,30.0,60.0,29.0,0.0,29.0,2.0
270.0,11.0,7.0,0.0,40.0,85.0,43.0,0.0,43.0,2.0
140.0,5.0,3.5,0.0,20.0,40.0,22.0,0.0,22.0,1.0
200.0,8.0,5.0,0.0,30.0,60.0,30.0,0.0,30.0,2.0
280.0,11.0,7.0,0.0,40.0,85.0,45.0,0.0,45.0,2.0
130.0,5.0,3.5,0.0,20.0,40.0,21.0,0.0,21.0,1.0
190.0,8.0,5.0,0.0,30.0,60.0,29.0,0.0,28.0,2.0
270.0,11.0,7.0,0.0,40.0,80.0,43.0,0.0,43.0,2.0
60.0,5.0,3.5,0.0,20.0,70.0,8.0,0.0,1.0,1.0
90.0,8.0,5.0,0.0,30.0,100.0,11.0,0.0,2.0,2.0
120.0,11.0,7.0,0.0,40.0,140.0,16.0,0.0,2.0,2.0
110.0,0.0,0.0,0.0,0.0,5.0,27.0,0.0,27.0,0.0
280.0,0.0,0.0,0.0,0.0,15.0,69.0,0.0,69.0,1.0
180.0,0.0,0.0,0.0,0.0,10.0,45.0,0.0,45.0,1.0
150.0,0.0,0.0,0.0,0.0,10.0,36.0,0.0,36.0,1.0
60.0,0.0,0.0,0.0,5.0,85.0,9.0,0.0,9.0,6.0
80.0,0.0,0.0,0.0,5.0,110.0,12.0,0.0,12.0,8.0
90.0,0.0,0.0,0.0,5.0,130.0,13.0,0.0,13.0,9.0
90.0,0.0,0.0,0.0,5.0,115.0,13.0,0.0,13.0,9.0
110.0,0.0,0.0,0.0,5.0,140.0,15.0,0.0,15.0,10.0
120.0,0.0,0.0,0.0,5.0,160.0,18.0,0.0,18.0,12.0
150.0,0.0,0.0,0.0,5.0,120.0,33.0,0.0,32.0,5.0
190.0,0.0,0.0,0.0,5.0,150.0,41.0,0.0,41.0,6.0
230.0,0.0,0.0,0.0,5.0,180.0,49.0,0.0,49.0,7.0
170.0,0.0,0.0,0.0,5.0,150.0,36.0,0.0,36.0,7.0
220.0,0.0,0.0,0.0,5.0,180.0,45.0,0.0,45.0,9.0
260.0,0.0,0.0,0.0,5.0,220.0,53.0,0.0,53.0,10.0
150.0,0.0,0.0,0.0,5.0,70.0,34.0,0.0,34.0,5.0
190.0,0.0,0.0,0.0,5.0,90.0,43.0,0.0,43.0,6.0
230.0,0.0,0.0,0.0,5.0,100.0,51.0,0.0,51.0,7.0
180.0,0.0,0.0,0.0,5.0,95.0,37.0,0.0,37.0,7.0
220.0,0.0,0.0,0.0,5.0,115.0,46.0,0.0,46.0,9.0
260.0,0.0,0.0,0.0,5.0,135.0,55.0,0.0,55.0,10.0
150.0,0.0,0.0,0.0,5.0,70.0,34.0,0.0,34.0,5.0
190.0,0.0,0.0,0.0,5.0,90.0,42.0,0.0,42.0,6.0
230.0,0.0,0.0,0.0,5.0,100.0,51.0,0.0,51.0,7.0
180.0,0.0,0.0,0.0,5.0,95.0,37.0,0.0,37.0,7.0
220.0,0.0,0.0,0.0,5.0,115.0,46.0,0.0,46.0,9.0
260.0,0.0,0.0,0.0,5.0,135.0,55.0,0.0,55.0,10.0
50.0,0.0,0.0,0.0,5.0,100.0,15.0,0.0,8.0,5.0
70.0,0.0,0.0,0.0,5.0,130.0,19.0,0.0,10.0,7.0
80.0,0.0,0.0,0.0,5.0,150.0,22.0,0.0,11.0,8.0
80.0,0.0,0.0,0.0,5.0,130.0,18.0,0.0,11.0,7.0
90.0,0.0,0.0,0.0,5.0,160.0,22.0,0.0,13.0,9.0
110.0,0.0,0.0,0.0,5.0,190.0,27.0,0.0,15.0,11.0
240.0,5.0,3.0,0.0,5.0,130.0,41.0,0.0,34.0,7.0
280.0,6.0,3.5,0.0,10.0,160.0,50.0,0.0,42.0,8.0
330.0,6.0,3.5,0.0,10.0,190.0,58.0,0.0,50.0,10.0
250.0,5.0,3.0,0.0,10.0,140.0,43.0,0.0,37.0,8.0
310.0,6.0,3.5,0.0,10.0,190.0,55.0,0.0,47.0,11.0
390.0,6.0,3.5,0.0,10.0,250.0,68.0,0.0,59.0,16.0
50.0,0.0,0.0,0.0,5.0,70.0,7.0,0.0,7.0,5.0
60.0,0.0,0.0,0.0,5.0,90.0,9.0,0.0,9.0,6.0
70.0,0.0,0.0,0.0,5.0,105.0,11.0,0.0,11.0,7.0
140.0,0.0,0.0,0.0,0.0,105.0,30.0,0.0,30.0,3.0
150.0,0.0,0.0,0.0,5.0,120.0,32.0,0.0,32.0,5.0
190.0,0.0,0.0,0.0,5.0,150.0,40.0,0.0,40.0,6.0
140.0,0.0,0.0,0.0,0.0,50.0,32.0,0.0,32.0,3.0
150.0,0.0,0.0,0.0,5.0,70.0,33.0,0.0,33.0,5.0
190.0,0.0,0.0,0.0,5.0,80.0,42.0,0.0,42.0,6.0
140.0,0.0,0.0,0.0,0.0,50.0,31.0,0.0,31.0,3.0
150.0,0.0,0.0,0.0,5.0,70.0,33.0,0.0,33.0,5.0
190.0,0.0,0.0,0.0,5.0,85.0,41.0,0.0,41.0,6.0
40.0,0.0,0.0,0.0,0.0,85.0,13.0,0.0,5.0,4.0
50.0,0.0,0.0,0.0,5.0,100.0,14.0,0.0,6.0,5.0
60.0,0.0,0.0,0.0,5.0,130.0,19.0,0.0,8.0,6.0
270.0,8.0,4.5,0.0,10.0,140.0,43.0,0.0,35.0,7.0
300.0,6.0,4.0,0.0,10.0,230.0,49.0,0.0,45.0,11.0
240.0,6.0,4.0,0.0,10.0,190.0,37.0,0.0,34.0,9.0
200.0,6.0,4.0,0.0,10.0,140.0,29.0,0.0,26.0,6.0
280.0,4.0,2.5,0.0,10.0,260.0,49.0,0.0,46.0,12.0
240.0,4.0,2.5,0.0,5.0,200.0,41.0,0.0,38.0,9.0
200.0,4.0,2.5,0.0,5.0,170.0,34.0,0.0,31.0,8.0
120.0,7.0,4.0,0.0,20.0,85.0,9.0,0.0,9.0,6.0
140.0,8.0,4.5,0.0,25.0,105.0,11.0,0.0,11.0,8.0
180.0,10.0,6.0,0.0,30.0,130.0,13.0,0.0,13.0,9.0
150.0,8.0,4.5,0.0,25.0,105.0,11.0,0.0,11.0,8.0
180.0,10.0,6.0,0.0,30.0,130.0,13.0,0.0,13.0,10.0
210.0,11.0,7.0,0.0,35.0,150.0,16.0,0.0,16.0,11.0
200.0,5.0,3.0,0.0,15.0,125.0,32.0,0.0,32.0,5.0
240.0,6.0,3.5,0.0,20.0,150.0,41.0,0.0,40.0,6.0
290.0,8.0,4.5,0.0,25.0,190.0,49.0,0.0,49.0,8.0
230.0,7.0,4.0,0.0,20.0,140.0,35.0,0.0,35.0,7.0
280.0,8.0,4.5,0.0,25.0,170.0,43.0,0.0,43.0,8.0
330.0,9.0,5.0,0.0,30.0,210.0,52.0,0.0,51.0,9.0
200.0,5.0,3.0,0.0,15.0,70.0,34.0,0.0,34.0,5.0
240.0,6.0,3.5,0.0,20.0,85.0,42.0,0.0,42.0,6.0
290.0,8.0,4.5,0.0,25.0,105.0,51.0,0.0,51.0,7.0
230.0,7.0,4.0,0.0,20.0,90.0,36.0,0.0,36.0,7.0
280.0,8.0,4.5,0.0,25.0,110.0,45.0,0.0,45.0,8.0
330.0,9.0,5.0,0.0,30.0,130.0,53.0,0.0,53.0,9.0
200.0,5.0,3.0,0.0,15.0,70.0,34.0,0.0,34.0,5.0
240.0,6.0,3.5,0.0,20.0,85.0,42.0,0.0,42.0,6.0
290.0,8.0,4.5,0.0,25.0,105.0,51.0,0.0,51.0,7.0
230.0,7.0,4.0,0.0,20.0,90.0,36.0,0.0,36.0,7.0
280.0,8.0,4.5,0.0,25.0,110.0,44.0,0.0,44.0,8.0
330.0,9.0,5.0,0.0,30.0,130.0,53.0,0.0,53.0,9.0
100.0,5.0,3.0,0.0,15.0,105.0,15.0,0.0,7.0,5.0
120.0,6.0,3.5,0.0,20.0,130.0,18.0,0.0,9.0,6.0
150.0,8.0,4.5,0.0,25.0,160.0,22.0,0.0,11.0,8.0
130.0,7.0,4.0,0.0,20.0,125.0,17.0,0.0,10.0,7.0
160.0,8.0,5.0,0.0,25.0,150.0,21.0,0.0,11.0,8.0
180.0,10.0,6.0,0.0,30.0,180.0,25.0,0.0,13.0,10.0
280.0,11.0,6.0,0.0,20.0,125.0,40.0,0.0,33.0,6.0
330.0,12.0,7.0,0.0,25.0,150.0,48.0,0.0,41.0,7.0
400.0,14.0,8.0,0.5,30.0,190.0,58.0,0.0,49.0,10.0
300.0,12.0,7.0,0.0,25.0,135.0,41.0,0.0,35.0,8.0
380.0,15.0,9.0,0.5,30.0,170.0,53.0,0.0,45.0,10.0
460.0,18.0,10.0,0.5,40.0,220.0,63.0,0.0,54.0,13.0
80.0,4.5,2.5,0.0,15.0,65.0,6.0,0.0,6.0,4.0
100.0,6.0,3.5,0.0,15.0,80.0,8.0,0.0,8.0,6.0
140.0,8.0,4.5,0.0,25.0,105.0,10.0,0.0,10.0,7.0
160.0,3.0,1.5,0.0,10.0,100.0,29.0,0.0,29.0,3.0
180.0,4.5,2.5,0.0,15.0,120.0,31.0,0.0,31.0,4.0
230.0,6.0,3.5,0.0,15.0,150.0,40.0,0.0,40.0,6.0
160.0,3.0,1.5,0.0,10.0,45.0,31.0,0.0,31.0,3.0
180.0,4.5,2.5,0.0,15.0,65.0,33.0,0.0,33.0,4.0
230.0,6.0,3.5,0.0,15.0,85.0,41.0,0.0,41.0,6.0
160.0,3.0,1.5,0.0,10.0,45.0,31.0,0.0,31.0,3.0
190.0,4.5,2.5,0.0,15.0,70.0,33.0,0.0,33.0,5.0
230.0,6.0,3.5,0.0,15.0,85.0,41.0,0.0,41.0,6.0
60.0,3.0,2.0,0.0,10.0,80.0,12.0,0.0,4.0,3.0
90.0,5.0,3.0,0.0,15.0,105.0,14.0,0.0,6.0,5.0
110.0,6.0,3.5,0.0,15.0,130.0,19.0,0.0,8.0,6.0
310.0,13.0,8.0,0.0,25.0,140.0,42.0,0.0,35.0,7.0
360.0,14.0,8.0,0.5,35.0,220.0,47.0,0.0,46.0,10.0
290.0,12.0,7.0,0.0,25.0,180.0,39.0,0.0,38.0,8.0
250.0,11.0,6.0,0.0,25.0,150.0,33.0,0.0,31.0,7.0
380.0,16.0,9.0,0.5,35.0,210.0,48.0,0.0,46.0,10.0
300.0,14.0,8.0,0.0,30.0,160.0,36.0,0.0,33.0,8.0
240.0,12.0,7.0,0.0,25.0,130.0,29.0,0.0,26.0,6.0
450.0,20.0,13.0,1.0,55.0,135.0,61.0,0.0,57.0,6.0
550.0,24.0,15.0,1.0,70.0,160.0,76.0,0.0,71.0,8.0
680.0,29.0,18.0,1.5,85.0,200.0,94.0,0.0,88.0,10.0
450.0,20.0,13.0,1.0,55.0,130.0,62.0,1.0,56.0,7.0
560.0,24.0,15.0,1.0,65.0,160.0,78.0,1.0,70.0,8.0
680.0,28.0,18.0,1.0,80.0,200.0,96.0,1.0,87.0,10.0
330.0,1.0,0.5,0.0,5.0,55.0,77.0,4.0,70.0,3.0
260.0,1.0,0.0,0.0,5.0,40.0,60.0,3.0,54.0,2.0
210.0,0.5,0.0,0.0,5.0,35.0,49.0,2.0,44.0,2.0
320.0,1.0,0.5,0.0,5.0,45.0,75.0,4.0,69.0,3.0
260.0,1.0,0.0,0.0,5.0,35.0,60.0,4.0,55.0,3.0
210.0,0.5,0.0,0.0,5.0,30.0,48.0,3.0,44.0,2.0
660.0,40.0,12.0,1.5,90.0,980.0,49.0,2.0,11.0,28.0
740.0,46.0,16.0,2.0,115.0,1340.0,50.0,2.0,11.0,32.0
790.0,51.0,17.0,2.0,125.0,1560.0,50.0,2.0,11.0,35.0
900.0,58.0,20.0,3.0,175.0,1050.0,49.0,2.0,11.0,48.0
980.0,64.0,24.0,3.0,195.0,1410.0,50.0,2.0,11.0,52.0
1130.0,75.0,28.0,4.0,255.0,1120.0,49.0,2.0,11.0,67.0
1220.0,82.0,32.0,4.5,280.0,1470.0,50.0,2.0,11.0,71.0
310.0,18.0,5.0,0.5,40.0,390.0,27.0,1.0,7.0,13.0
1150.0,79.0,31.0,3.5,240.0,2150.0,49.0,2.0,10.0,61.0
1190.0,84.0,33.0,3.5,235.0,1930.0,50.0,2.0,11.0,64.0
580.0,29.0,13.0,1.5,105.0,1310.0,49.0,2.0,10.0,32.0
900.0,54.0,25.0,3.0,210.0,1740.0,50.0,2.0,11.0,56.0
700.0,42.0,16.0,2.0,125.0,1360.0,48.0,1.0,10.0,35.0
1050.0,68.0,28.0,3.5,235.0,1870.0,49.0,1.0,11.0,61.0
630.0,34.0,11.0,0.0,10.0,1080.0,58.0,4.0,12.0,25.0
240.0,10.0,3.5,0.5,35.0,380.0,26.0,1.0,6.0,13.0
280.0,13.0,6.0,0.5,45.0,560.0,27.0,1.0,7.0,15.0
350.0,18.0,7.0,1.0,70.0,410.0,26.0,1.0,6.0,21.0
390.0,21.0,9.0,1.5,85.0,590.0,27.0,1.0,7.0,23.0
630.0,37.0,14.0,1.5,100.0,1050.0,45.0,2.0,9.0,29.0
320.0,16.0,7.0,0.5,55.0,710.0,27.0,1.0,7.0,17.0
420.0,24.0,10.0,1.5,90.0,740.0,27.0,1.0,7.0,25.0
670.0,41.0,7.0,0.0,60.0,1080.0,54.0,2.0,8.0,23.0
700.0,42.0,7.0,0.0,65.0,1140.0,57.0,3.0,8.0,25.0
660.0,40.0,7.0,0.0,75.0,1170.0,48.0,2.0,5.0,28.0
800.0,52.0,13.0,1.0,95.0,1650.0,55.0,2.0,8.0,30.0
790.0,49.0,10.0,0.5,80.0,1630.0,60.0,2.0,13.0,28.0
450.0,30.0,5.0,0.0,30.0,780.0,34.0,2.0,5.0,12.0
390.0,21.0,3.5,0.0,30.0,740.0,37.0,2.0,6.0,12.0
170.0,11.0,1.5,0.0,25.0,310.0,11.0,1.0,0.0,8.0
260.0,16.0,2.5,0.0,35.0,470.0,16.0,1.0,0.0,12.0
430.0,27.0,4.5,0.0,55.0,780.0,27.0,2.0,0.0,20.0
860.0,54.0,9.0,0.0,115.0,1570.0,53.0,3.0,1.0,39.0
210.0,15.0,3.0,0.0,20.0,570.0,11.0,2.0,0.0,8.0
320.0,22.0,4.5,0.0,35.0,850.0,17.0,3.0,0.0,12.0
530.0,37.0,7.0,0.0,55.0,1420.0,28.0,4.0,1.0,20.0
1050.0,74.0,15.0,0.0,110.0,2840.0,56.0,9.0,1.0,40.0
280.0,17.0,2.5,0.0,35.0,850.0,20.0,1.0,1.0,13.0
170.0,9.0,3.0,0.0,10.0,410.0,19.0,2.0,1.0,5.0
510.0,28.0,4.5,0.0,30.0,1180.0,51.0,2.0,7.0,16.0
440.0,25.0,7.0,0.0,75.0,930.0,31.0,3.0,4.0,25.0
540.0,33.0,10.0,0.0,95.0,1380.0,31.0,3.0,5.0,31.0
60.0,4.0,2.5,0.0,10.0,95.0,3.0,1.0,2.0,4.0
260.0,28.0,4.0,0.0,10.0,240.0,2.0,0.0,2.0,1.0
160.0,17.0,2.5,0.0,0.0,380.0,4.0,0.0,3.0,0.0
120.0,8.0,1.0,0.0,0.0,220.0,14.0,0.0,11.0,0.0
60.0,2.5,0.0,0.0,10.0,180.0,9.0,0.0,1.0,1.0
150.0,8.0,1.5,0.0,0.0,400.0,19.0,1.0,2.0,1.0
320.0,16.0,3.0,0.0,0.0,840.0,41.0,3.0,4.0,3.0
410.0,21.0,3.5,0.0,0.0,1080.0,53.0,4.0,5.0,4.0
500.0,25.0,4.5,0.0,0.0,1310.0,64.0,5.0,7.0,5.0
220.0,9.0,1.5,0.0,0.0,210.0,34.0,3.0,1.0,2.0
320.0,13.0,2.0,0.0,0.0,300.0,49.0,5.0,1.0,4.0
380.0,16.0,2.0,0.0,0.0,360.0,58.0,6.0,1.0,4.0
430.0,18.0,2.5,0.0,0.0,410.0,66.0,7.0,2.0,5.0
170.0,3.0,1.5,0.0,5.0,260.0,32.0,3.0,12.0,4.0
50.0,0.0,0.0,0.0,0.0,0.0,13.0,1.0,11.0,0.0
90.0,0.0,0.0,0.0,5.0,125.0,13.0,0.0,12.0,9.0
160.0,2.5,1.5,0.0,15.0,150.0,26.0,0.0,25.0,8.0
80.0,0.0,0.0,0.0,0.0,25.0,20.0,0.0,20.0,0.0
300.0,16.0,3.0,0.0,0.0,290.0,33.0,4.0,11.0,11.0
190.0,4.5,3.0,0.0,20.0,150.0,32.0,0.0,24.0,5.0
340.0,14.0,6.0,0.0,0.0,310.0,51.0,1.0,25.0,3.0
310.0,19.0,12.0,0.0,10.0,220.0,32.0,1.0,22.0,3.0
370.0,20.0,13.0,0.0,10.0,330.0,45.0,1.0,30.0,4.0
350.0,18.0,8.0,0.0,35.0,310.0,41.0,1.0,25.0,6.0
170.0,4.5,3.0,0.0,20.0,150.0,28.0,0.0,24.0,5.0
260.0,5.0,3.0,0.0,20.0,160.0,49.0,1.0,43.0,5.0
240.0,5.0,3.5,0.0,20.0,210.0,42.0,0.0,33.0,5.0
160.0,8.0,4.0,0.0,10.0,125.0,24.0,1.0,15.0,2.0
340.0,18.0,8.0,0.0,160.0,610.0,29.0,1.0,4.0,12.0
500.0,33.0,13.0,0.0,195.0,930.0,30.0,1.0,4.0,19.0
370.0,19.0,8.0,0.0,175.0,1030.0,30.0,1.0,5.0,17.0
370.0,21.0,9.0,0.0,170.0,760.0,30.0,1.0,4.0,14.0
610.0,40.0,17.0,0.5,225.0,1680.0,31.0,1.0,5.0,28.0
580.0,40.0,16.0,0.5,215.0,1260.0,31.0,1.0,5.0,23.0
710.0,52.0,20.0,0.5,240.0,1420.0,31.0,1.0,5.0,29.0
580.0,38.0,16.0,0.5,220.0,1530.0,31.0,1.0,5.0,27.0
640.0,45.0,20.0,0.0,225.0,2190.0,31.0,1.0,4.0,28.0
400.0,24.0,12.0,0.0,175.0,1550.0,29.0,1.0,3.0,17.0
530.0,38.0,17.0,0.0,195.0,1440.0,29.0,1.0,3.0,19.0
400.0,26.0,13.0,0.0,170.0,1270.0,29.0,1.0,3.0,13.0
420.0,28.0,6.0,0.0,35.0,1050.0,28.0,1.0,2.0,12.0
370.0,23.0,8.0,0.0,150.0,930.0,27.0,3.0,2.0,15.0
780.0,42.0,15.0,0.0,355.0,1960.0,68.0,3.0,4.0,32.0
930.0,44.0,11.0,0.0,390.0,2230.0,110.0,4.0,40.0,24.0
900.0,46.0,12.0,0.0,380.0,1760.0,95.0,5.0,31.0,25.0
610.0,31.0,9.0,0.0,80.0,1010.0,72.0,1.0,30.0,12.0
250.0,16.0,3.5,0.0,0.0,580.0,24.0,3.0,0.0,2.0
500.0,33.0,7.0,0.0,0.0,1140.0,48.0,7.0,0.0,4.0
670.0,44.0,9.0,0.0,0.0,1530.0,65.0,9.0,0.0,5.0
230.0,11.0,2.0,0.0,0.0,260.0,29.0,1.0,8.0,3.0
380.0,18.0,3.0,0.0,0.0,430.0,49.0,2.0,13.0,5.0
40.0,3.5,2.0,0.0,10.0,180.0,1.0,0.0,0.0,2.0
10.0,0.0,0.0,0.0,0.0,125.0,3.0,0.0,2.0,0.0
80.0,9.0,0.5,0.0,10.0,75.0,1.0,0.0,0.0,0.0
30.0,0.0,0.0,0.0,0.0,0.0,7.0,0.0,6.0,0.0
120.0,0.0,0.0,0.0,0.0,15.0,30.0,0.0,18.0,0.0
40.0,0.0,0.0,0.0,0.0,310.0,11.0,0.0,10.0,0.0
140.0,15.0,2.5,0.0,10.0,85.0,1.0,0.0,1.0,1.0
80.0,8.0,1.5,0.0,5.0,360.0,2.0,0.0,1.0,0.0
150.0,15.0,2.5,0.0,20.0,240.0,3.0,0.0,0.0,0.0
90.0,6.0,1.0,0.0,10.0,180.0,8.0,0.0,7.0,0.0
310.0,1.0,0.0,0.0,0.0,55.0,71.0,3.0,50.0,4.0
720.0,20.0,12.0,0.5,65.0,540.0,118.0,1.0,98.0,16.0
740.0,22.0,13.0,0.5,70.0,680.0,121.0,1.0,101.0,17.0
580.0,15.0,10.0,0.0,60.0,420.0,98.0,0.0,85.0,14.0
610.0,16.0,10.0,0.0,60.0,500.0,103.0,1.0,88.0,14.0
640.0,15.0,10.0,0.0,60.0,440.0,113.0,0.0,99.0,14.0
,,,,,,,,,
210.0,0.0,0.0,0.0,0.0,50.0,58.0,0.0,58.0,0.0
270.0,0.0,0.0,0.0,0.0,60.0,73.0,0.0,73.0,0.0
290.0,0.0,0.0,0.0,0.0,85.0,105.0,0.0,105.0,0.0
510.0,0.0,0.0,0.0,0.0,115.0,138.0,0.0,138.0,0.0
,,,,,,,,,
0.0,0.0,0.0,0.0,0.0,70.0,0.0,0.0,0.0,0.0
0.0,0.0,0.0,0.0,0.0,85.0,0.0,0.0,0.0,0.0
0.0,0.0,0.0,0.0,0.0,120.0,0.0,0.0,0.0,0.0
0.0,0.0,0.0,0.0,0.0,160.0,0.0,0.0,0.0,0.0
,,,,,,,,,
210.0,0.0,0.0,0.0,0.0,95.0,56.0,0.0,56.0,0.0
260.0,0.0,0.0,0.0,0.0,120.0,70.0,0.0,70.0,0.0
380.0,0.0,0.0,0.0,0.0,170.0,102.0,0.0,102.0,0.0
500.0,0.0,0.0,0.0,0.0,230.0,133.0,0.0,133.0,0.0
,,,,,,,,,
190.0,0.0,0.0,0.0,0.0,60.0,52.0,0.0,51.0,0.0
240.0,0.0,0.0,0.0,0.0,75.0,65.0,0.0,64.0,0.0
350.0,0.0,0.0,0.0,0.0,105.0,94.0,0.0,93.0,0.0
450.0,0.0,0.0,0.0,0.0,140.0,124.0,0.0,121.0,0.0
,,,,,,,,,
240.0,0.0,0.0,0.0,0.0,100.0,65.0,0.0,65.0,0.0
300.0,0.0,0.0,0.0,0.0,120.0,81.0,0.0,81.0,0.0
350.0,0.0,0.0,0.0,0.0,180.0,118.0,0.0,118.0,0.0
450.0,0.0,0.0,0.0,0.0,230.0,155.0,0.0,155.0,0.0
,,,,,,,,,
220.0,0.0,0.0,0.0,0.0,55.0,61.0,0.0,61.0,0.0
280.0,0.0,0.0,0.0,0.0,70.0,76.0,0.0,76.0,0.0
410.0,0.0,0.0,0.0,0.0,100.0,110.0,0.0,110.0,0.0
450.0,0.0,0.0,0.0,0.0,130.0,145.0,0.0,145.0,0.0
,,,,,,,,,
230.0,0.0,0.0,0.0,0.0,60.0,62.0,0.0,61.0,0.0
280.0,0.0,0.0,0.0,0.0,70.0,78.0,0.0,77.0,0.0
410.0,0.0,0.0,0.0,0.0,105.0,113.0,0.0,111.0,0.0
530.0,0.0,0.0,0.0,0.0,135.0,148.0,0.0,146.0,0.0
,,,,,,,,,
220.0,0.0,0.0,0.0,0.0,75.0,62.0,0.0,60.0,0.0
280.0,0.0,0.0,0.0,0.0,95.0,77.0,0.0,75.0,0.0
410.0,0.0,0.0,0.0,0.0,135.0,111.0,0.0,109.0,0.0
450.0,0.0,0.0,0.0,0.0,180.0,146.0,0.0,143.0,0.0
,,,,,,,,,
10.0,0.0,0.0,0.0,0.0,60.0,3.0,0.0,0.0,0.0
10.0,0.0,0.0,0.0,0.0,70.0,4.0,0.0,0.0,0.0
15.0,0.0,0.0,0.0,0.0,105.0,5.0,0.0,0.0,0.0
20.0,0.0,0.0,0.0,0.0,135.0,7.0,0.0,0.0,0.0
,,,,,,,,,
120.0,0.0,0.0,0.0,0.0,0.0,35.0,0.0,35.0,0.0
160.0,0.0,0.0,0.0,0.0,0.0,49.0,0.0,49.0,0.0
240.0,0.0,0.0,0.0,0.0,0.0,71.0,0.0,71.0,0.0
,,,,,,,,,
0.0,0.0,0.0,0.0,0.0,0.0,0.0,0.0,0.0,0.0
0.0,0.0,0.0,0.0,0.0,0.0,0.0,0.0,0.0,0.0
0.0,0.0,0.0,0.0,0.0,0.0,0.0,0.0,0.0,0.0
80.0,0.0,0.0,0.0,0.0,25.0,20.0,0.0,20.0,0.0
140.0,0.0,0.0,0.0,0.0,20.0,33.0,0.0,30.0,2.0
130.0,0.0,0.0,0.0,0.0,50.0,35.0,0.0,35.0,0.0
0.0,0.0,0.0,0.0,0.0,0.0,0.0,0.0,0.0,0.0
0.0,0.0,0.0,0.0,0.0,0.0,0.0,0.0,0.0,0.0
0.0,0.0,0.0,0.0,0.0,0.0,0.0,0.0,0.0,0.0
0.0,0.0,0.0,0.0,0.0,0.0,0.0,0.0,0.0,0.0
0.0,0.0,0.0,0.0,0.0,0.0,0.0,0.0,0.0,0.0
0.0,0.0,0.0,0.0,0.0,0.0,0.0,0.0,0.0,0.0
150.0,8.0,4.0,0.0,25.0,30.0,21.0,0.0,21.0,1.0
200.0,10.0,5.0,0.0,30.0,40.0,27.0,0.0,27.0,2.0
260.0,13.0,7.0,0.0,40.0,50.0,34.0,0.0,34.0,2.0
180.0,8.0,4.0,0.0,25.0,40.0,27.0,1.0,25.0,2.0
240.0,10.0,6.0,0.0,30.0,55.0,35.0,1.0,32.0,2.0
300.0,13.0,7.0,0.0,40.0,70.0,45.0,2.0,41.0,3.0
300.0,8.0,5.0,0.0,30.0,200.0,50.0,1.0,41.0,7.0
400.0,10.0,7.0,0.0,40.0,270.0,68.0,1.0,58.0,9.0
510.0,13.0,8.0,0.0,50.0,350.0,87.0,1.0,71.0,12.0
300.0,8.0,5.0,0.0,35.0,210.0,50.0,0.0,41.0,7.0
400.0,10.0,7.0,0.0,40.0,280.0,68.0,0.0,56.0,9.0
500.0,12.0,8.0,0.0,50.0,350.0,86.0,0.0,71.0,11.0
950.0,62.0,24.0,3.0,205.0,1630.0,40.0,2.0,8.0,59.0
810.0,51.0,20.0,3.0,175.0,1280.0,41.0,3.0,8.0,49.0
570.0,34.0,13.0,1.5,100.0,1110.0,40.0,3.0,9.0,30.0
1090.0,72.0,30.0,4.0,260.0,1650.0,43.0,3.0,9.0,71.0
390.0,21.0,9.0,1.5,90.0,740.0,26.0,1.0,6.0,25.0
380.0,22.0,8.0,1.0,65.0,680.0,25.0,1.0,5.0,19.0
280.0,13.0,6.0,1.0,50.0,660.0,26.0,1.0,6.0,16.0
340.0,19.0,7.0,1.0,55.0,660.0,27.0,2.0,7.0,16.0
630.0,39.0,15.0,1.5,125.0,1280.0,37.0,2.0,7.0,34.0
330.0,16.0,2.5,0.0,75.0,1010.0,22.0,0.0,0.0,24.0
170.0,11.0,2.0,0.0,35.0,340.0,10.0,0.0,0.0,9.0
430.0,21.0,3.5,0.0,100.0,1350.0,29.0,0.0,1.0,32.0
250.0,16.0,3.5,0.0,50.0,510.0,14.0,1.0,0.0,13.0
650.0,32.0,5.0,0.0,150.0,2020.0,43.0,0.0,1.0,48.0
420.0,27.0,5.0,0.0,80.0,850.0,24.0,1.0,0.0,22.0
420.0,23.0,6.0,0.0,50.0,950.0,35.0,2.0,5.0,20.0
330.0,16.0,3.0,0.0,30.0,600.0,33.0,2.0,4.0,14.0
530.0,23.0,7.0,0.0,120.0,1220.0,36.0,3.0,6.0,43.0
370.0,10.0,2.0,0.0,90.0,830.0,38.0,3.0,8.0,34.0
270.0,10.0,3.5,0.0,55.0,640.0,24.0,2.0,3.0,20.0
660.0,34.0,9.0,0.0,100.0,1650.0,52.0,3.0,7.0,38.0
510.0,22.0,4.0,0.0,70.0,1150.0,51.0,3.0,6.0,28.0
120.0,12.0,2.0,0.0,0.0,170.0,4.0,1.0,3.0,1.0
670.0,32.0,9.0,0.0,100.0,1530.0,55.0,4.0,6.0,38.0
510.0,20.0,3.5,0.0,65.0,1030.0,54.0,4.0,6.0,29.0
370.0,20.0,5.0,0.0,50.0,850.0,30.0,2.0,2.0,18.0
560.0,24.0,7.0,0.0,115.0,1020.0,52.0,7.0,40.0,38.0
340.0,17.0,4.0,0.0,55.0,550.0,29.0,4.0,22.0,20.0
460.0,17.0,4.5,0.0,105.0,1090.0,41.0,7.0,29.0,41.0
290.0,13.0,2.5,0.0,50.0,570.0,23.0,5.0,15.0,23.0
240.0,15.0,4.0,0.0,30.0,500.0,19.0,3.0,4.0,8.0
250.0,18.0,4.0,0.0,20.0,460.0,18.0,2.0,4.0,7.0
600.0,41.0,11.0,0.0,135.0,1220.0,18.0,7.0,7.0,42.0
300.0,20.0,6.0,0.0,70.0,620.0,10.0,4.0,4.0,21.0
720.0,42.0,12.0,1.0,150.0,1680.0,44.0,8.0,6.0,42.0
410.0,23.0,6.0,0.5,75.0,930.0,30.0,5.0,4.0,23.0
660.0,32.0,13.0,1.0,85.0,1820.0,63.0,10.0,18.0,32.0
470.0,23.0,8.0,0.5,45.0,1320.0,49.0,7.0,12.0,19.0
35.0,0.0,0.0,0.0,0.0,0.0,9.0,2.0,7.0,0.0
490.0,28.0,9.0,0.0,35.0,550.0,45.0,4.0,2.0,14.0
440.0,14.0,6.0,0.0,35.0,550.0,64.0,7.0,4.0,17.0
430.0,13.0,7.0,0.0,30.0,560.0,65.0,7.0,5.0,14.0
460.0,11.0,5.0,0.0,35.0,710.0,71.0,8.0,7.0,19.0
250.0,7.0,3.0,0.5,50.0,1170.0,23.0,5.0,9.0,23.0
170.0,5.0,2.0,0.0,35.0,780.0,16.0,4.0,6.0,15.0
500.0,25.0,8.0,0.5,35.0,710.0,53.0,6.0,4.0,16.0
230.0,10.0,2.0,0.0,0.0,15.0,30.0,3.0,0.0,3.0
530.0,24.0,4.5,0.0,0.0,520.0,70.0,6.0,0.0,7.0
420.0,19.0,3.5,0.0,0.0,420.0,56.0,5.0,0.0,6.0
320.0,15.0,2.5,0.0,0.0,320.0,43.0,4.0,0.0,5.0
270.0,0.0,0.0,0.0,0.0,25.0,61.0,7.0,3.0,7.0
310.0,2.5,2.5,0.0,10.0,35.0,63.0,7.0,4.0,8.0
20.0,0.0,0.0,0.0,0.0,0.0,5.0,1.0,3.0,0.0
150.0,2.5,1.5,0.0,10.0,170.0,26.0,0.0,23.0,7.0
90.0,2.0,1.5,0.0,10.0,105.0,10.0,0.0,10.0,7.0
380.0,0.0,0.0,0.0,0.0,0.0,100.0,0.0,93.0,0.0
330.0,0.0,0.0,0.0,0.0,0.0,86.0,0.0,81.0,0.0
190.0,0.0,0.0,0.0,0.0,0.0,50.0,0.0,47.0,0.0
330.0,0.0,0.0,0.0,0.0,60.0,83.0,0.0,80.0,0.0
300.0,0.0,0.0,0.0,0.0,50.0,76.0,0.0,73.0,0.0
170.0,0.0,0.0,0.0,0.0,30.0,44.0,0.0,42.0,0.0
450.0,0.0,0.0,0.0,0.0,180.0,122.0,0.0,122.0,0.0
360.0,0.0,0.0,0.0,0.0,150.0,98.0,0.0,98.0,0.0
220.0,0.0,0.0,0.0,0.0,90.0,61.0,0.0,61.0,0.0
5.0,0.0,0.0,0.0,0.0,25.0,2.0,0.0,0.0,0.0
0.0,0.0,0.0,0.0,0.0,15.0,1.0,0.0,0.0,0.0
0.0,0.0,0.0,0.0,0.0,10.0,1.0,0.0,0.0,0.0
240.0,8.0,5.0,0.0,25.0,45.0,40.0,0.0,36.0,3.0
160.0,6.0,3.5,0.0,20.0,30.0,26.0,0.0,24.0,2.0
400.0,0.0,0.0,0.0,0.0,90.0,109.0,0.0,109.0,0.0
320.0,0.0,0.0,0.0,0.0,70.0,87.0,0.0,87.0,0.0
200.0,0.0,0.0,0.0,0.0,45.0,54.0,0.0,54.0,0.0
0.0,0.0,0.0,0.0,0.0,100.0,1.0,0.0,0.0,0.0
0.0,0.0,0.0,0.0,0.0,80.0,1.0,0.0,0.0,0.0
0.0,0.0,0.0,0.0,0.0,50.0,0.0,0.0,0.0,0.0
0.0,0.0,0.0,0.0,0.0,125.0,1.0,0.0,0.0,0.0
0.0,0.0,0.0,0.0,0.0,100.0,1.0,0.0,0.0,0.0
0.0,0.0,0.0,0.0,0.0,45.0,0.0,0.0,0.0,0.0
240.0,0.0,0.0,0.0,0.0,70.0,66.0,0.0,64.0,0.0
190.0,0.0,0.0,0.0,0.0,55.0,53.0,0.0,51.0,0.0
120.0,0.0,0.0,0.0,0.0,35.0,33.0,0.0,32.0,0.0
430.0,0.0,0.0,0.0,0.0,110.0,117.0,0.0,115.0,0.0
340.0,0.0,0.0,0.0,0.0,85.0,94.0,0.0,92.0,0.0
210.0,0.0,0.0,0.0,0.0,55.0,59.0,0.0,58.0,0.0
420.0,0.0,0.0,0.0,0.0,140.0,115.0,0.0,113.0,0.0
340.0,0.0,0.0,0.0,0.0,115.0,92.0,0.0,90.0,0.0
210.0,0.0,0.0,0.0,0.0,70.0,58.0,0.0,56.0,0.0
110.0,0.0,0.0,0.0,0.0,55.0,29.0,0.0,29.0,0.0
90.0,0.0,0.0,0.0,0.0,40.0,22.0,0.0,22.0,0.0
60.0,0.0,0.0,0.0,0.0,25.0,14.0,0.0,14.0,0.0
0.0,0.0,0.0,0.0,0.0,0.0,1.0,0.0,0.0,0.0
460.0,0.0,0.0,0.0,0.0,55.0,117.0,0.0,111.0,0.0
380.0,0.0,0.0,0.0,0.0,45.0,98.0,0.0,93.0,0.0
230.0,0.0,0.0,0.0,0.0,30.0,59.0,0.0,56.0,0.0
15.0,0.0,0.0,0.0,0.0,10.0,2.0,0.0,0.0,0.0
10.0,0.0,0.0,0.0,0.0,10.0,1.0,0.0,0.0,0.0
5.0,0.0,0.0,0.0,0.0,5.0,1.0,0.0,0.0,0.0
210.0,8.0,5.0,0.0,25.0,40.0,32.0,0.0,28.0,3.0
170.0,6.0,3.5,0.0,20.0,30.0,28.0,0.0,25.0,2.0
320.0,0.0,0.0,0.0,0.0,60.0,82.0,0.0,76.0,0.0
300.0,0.0,0.0,0.0,0.0,50.0,76.0,0.0,70.0,0.0
170.0,0.0,0.0,0.0,0.0,30.0,44.0,0.0,40.0,0.0
100.0,8.0,5.0,0.0,25.0,45.0,14.0,0.0,0.0,3.0
70.0,5.0,3.5,0.0,15.0,30.0,6.0,0.0,0.0,2.0
200.0,0.0,0.0,0.0,0.0,90.0,53.0,0.0,53.0,0.0
390.0,0.0,0.0,0.0,0.0,180.0,105.0,0.0,105.0,0.0
310.0,0.0,0.0,0.0,0.0,140.0,84.0,0.0,84.0,0.0
480.0,0.0,0.0,0.0,0.0,55.0,121.0,0.0,114.0,0.0
380.0,0.0,0.0,0.0,0.0,45.0,98.0,0.0,92.0,0.0
230.0,0.0,0.0,0.0,0.0,30.0,58.0,0.0,54.0,0.0
270.0,0.0,0.0,0.0,0.0,15.0,69.0,0.0,67.0,0.0
240.0,0.0,0.0,0.0,0.0,15.0,60.0,0.0,59.0,0.0
140.0,0.0,0.0,0.0,0.0,10.0,36.0,0.0,35.0,0.0
90.0,0.0,0.0,0.0,0.0,20.0,22.0,0.0,20.0,0.0
60.0,0.0,0.0,0.0,0.0,15.0,16.0,0.0,14.0,0.0
45.0,0.0,0.0,0.0,0.0,10.0,11.0,0.0,10.0,0.0
300.0,0.0,0.0,0.0,0.0,25.0,77.0,0.0,75.0,0.0
220.0,0.0,0.0,0.0,0.0,20.0,58.0,0.0,56.0,0.0
160.0,0.0,0.0,0.0,0.0,10.0,41.0,0.0,40.0,0.0
250.0,8.0,5.0,0.0,25.0,40.0,42.0,0.0,39.0,3.0
170.0,6.0,3.5,0.0,20.0,30.0,28.0,0.0,26.0,2.0
200.0,5.0,3.0,0.0,20.0,90.0,33.0,0.0,27.0,6.0
590.0,15.0,10.0,0.5,60.0,260.0,99.0,0.0,81.0,17.0
470.0,12.0,8.0,0.5,50.0,210.0,79.0,0.0,65.0,13.0
350.0,9.0,6.0,0.0,35.0,150.0,58.0,0.0,47.0,10.0
190.0,5.0,3.5,0.0,25.0,90.0,32.0,0.0,27.0,5.0
570.0,15.0,10.0,0.5,70.0,260.0,94.0,0.0,78.0,15.0
450.0,12.0,8.0,0.5,55.0,210.0,75.0,0.0,63.0,12.0
340.0,9.0,6.0,0.0,45.0,160.0,56.0,0.0,47.0,9.0
310.0,16.0,8.0,0.0,20.0,210.0,40.0,2.0,24.0,3.0
290.0,14.0,7.0,0.0,20.0,230.0,39.0,4.0,21.0,4.0
330.0,16.0,8.0,0.0,25.0,300.0,43.0,1.0,24.0,3.0
200.0,10.0,1.5,0.0,45.0,620.0,13.0,0.0,0.0,15.0
170.0,11.0,2.0,0.0,35.0,340.0,10.0,0.0,0.0,9.0
280.0,13.0,6.0,0.5,50.0,540.0,25.0,1.0,5.0,15.0
270.0,10.0,3.5,0.0,55.0,640.0,24.0,2.0,3.0,20.0
240.0,9.0,3.5,0.5,40.0,350.0,24.0,1.0,5.0,13.0
320.0,17.0,8.0,0.0,245.0,750.0,25.0,1.0,4.0,18.0
480.0,33.0,13.0,0.0,275.0,980.0,27.0,1.0,4.0,21.0
510.0,28.0,9.0,0.0,245.0,1390.0,44.0,4.0,2.0,19.0
610.0,40.0,15.0,0.0,290.0,1400.0,37.0,2.0,7.0,27.0
410.0,24.0,13.0,0.0,235.0,970.0,34.0,1.0,5.0,15.0
590.0,41.0,19.0,0.0,270.0,1270.0,36.0,1.0,6.0,20.0
450.0,22.0,6.0,0.0,220.0,1260.0,50.0,4.0,2.0,12.0
500.0,26.0,12.0,0.0,50.0,1120.0,48.0,1.0,9.0,19.0
360.0,20.0,8.0,0.0,210.0,920.0,29.0,1.0,2.0,17.0
490.0,29.0,14.0,0.0,20.0,1400.0,49.0,2.0,6.0,8.0
480.0,33.0,15.0,0.0,50.0,1010.0,35.0,1.0,5.0,12.0
640.0,42.0,14.0,0.0,270.0,1540.0,46.0,4.0,3.0,21.0
360.0,13.0,2.5,0.0,0.0,1080.0,57.0,6.0,1.0,5.0
250.0,9.0,1.5,0.0,0.0,750.0,39.0,4.0,1.0,4.0
230.0,8.0,1.5,0.0,0.0,680.0,35.0,4.0,0.0,3.0
720.0,41.0,16.0,0.0,420.0,1830.0,59.0,2.0,5.0,34.0
960.0,65.0,31.0,0.0,95.0,2020.0,70.0,3.0,10.0,23.0
290.0,13.0,7.0,0.0,,580.0,40.0,2.0,17.0,4.0
390.0,21.0,4.0,0.0,120.0,1190.0,11.0,2.0,0.0,39.0
130.0,8.0,1.5,0.0,55.0,430.0,4.0,1.0,0.0,12.0
280.0,19.0,4.5,0.0,100.0,910.0,8.0,1.0,0.0,19.0
130.0,8.0,2.0,0.0,55.0,380.0,3.0,0.0,0.0,10.0
770.0,60.0,10.0,0.0,105.0,1530.0,21.0,1.0,1.0,35.0
250.0,21.0,3.5,0.0,50.0,530.0,6.0,1.0,0.0,11.0
500.0,40.0,7.0,0.0,100.0,970.0,11.0,1.0,1.0,22.0
290.0,25.0,4.0,0.0,45.0,520.0,6.0,1.0,1.0,10.0
260.0,12.0,3.0,0.0,130.0,790.0,1.0,0.0,0.0,38.0
100.0,6.0,1.5,0.0,55.0,260.0,0.0,0.0,0.0,11.0
180.0,12.0,3.5,0.0,90.0,470.0,0.0,0.0,0.0,17.0
90.0,6.0,1.5,0.0,45.0,210.0,1.0,0.0,0.0,9.0
540.0,40.0,7.0,0.0,100.0,1390.0,14.0,2.0,1.0,31.0
190.0,14.0,2.5,0.0,40.0,510.0,6.0,1.0,0.0,9.0
390.0,32.0,6.0,0.0,65.0,900.0,12.0,2.0,1.0,13.0
180.0,15.0,2.5,0.0,35.0,450.0,5.0,1.0,0.0,8.0
530.0,35.0,6.0,0.0,105.0,1150.0,18.0,0.0,0.0,35.0
170.0,12.0,2.0,0.0,50.0,390.0,5.0,0.0,0.0,10.0
330.0,23.0,4.5,0.0,100.0,700.0,9.0,0.0,0.0,22.0
170.0,13.0,2.0,0.0,45.0,340.0,5.0,0.0,0.0,10.0
210.0,7.0,2.0,0.0,130.0,710.0,0.0,0.0,0.0,38.0
80.0,4.0,1.0,0.0,55.0,220.0,0.0,0.0,0.0,11.0
150.0,9.0,3.0,0.0,90.0,420.0,0.0,0.0,0.0,17.0
70.0,3.0,1.0,0.0,45.0,180.0,0.0,0.0,0.0,9.0
350.0,20.0,3.5,0.0,100.0,1100.0,11.0,1.0,0.0,30.0
130.0,8.0,1.5,0.0,40.0,420.0,5.0,1.0,0.0,9.0
270.0,20.0,3.5,0.0,65.0,720.0,10.0,1.0,0.0,13.0
120.0,8.0,1.5,0.0,35.0,350.0,5.0,0.0,0.0,7.0
260.0,14.0,2.0,0.0,50.0,610.0,15.0,,0.0,19.0
220.0,16.0,2.5,0.0,25.0,460.0,9.0,,0.0,10.0
100.0,7.0,1.5,0.0,20.0,310.0,3.0,0.0,0.0,5.0
100.0,6.0,1.0,0.0,20.0,210.0,8.0,0.0,4.0,5.0
130.0,11.0,2.0,0.0,20.0,230.0,4.0,0.0,0.0,5.0
80.0,6.0,1.0,0.0,20.0,150.0,3.0,0.0,0.0,5.0
290.0,19.0,2.5,0.0,30.0,870.0,19.0,1.0,0.0,13.0
620.0,39.0,5.0,0.0,65.0,1820.0,39.0,2.0,0.0,27.0
190.0,1.0,0.0,0.0,0.0,650.0,34.0,7.0,15.0,11.0
180.0,8.0,4.5,0.0,0.0,520.0,22.0,1.0,1.0,4.0
170.0,12.0,2.0,0.0,,180.0,14.0,4.0,10.0,1.0
70.0,0.5,0.0,0.0,0.0,0.0,17.0,2.0,3.0,2.0
25.0,0.0,0.0,0.0,0.0,300.0,5.0,3.0,1.0,1.0
210.0,9.0,1.5,0.0,35.0,240.0,28.0,,11.0,3.0
140.0,6.0,1.5,0.0,,590.0,17.0,1.0,2.0,5.0
140.0,8.0,1.0,0.0,15.0,290.0,14.0,0.0,9.0,1.0
110.0,3.5,0.5,0.0,0.0,330.0,17.0,1.0,0.0,2.0
130.0,4.5,1.0,0.0,0.0,520.0,20.0,1.0,0.0,3.0
340.0,28.0,4.5,0.0,25.0,290.0,19.0,2.0,3.0,2.0
320.0,15.0,2.0,0.0,0.0,1100.0,41.0,3.0,0.0,5.0
70.0,0.5,0.0,0.0,0.0,0.0,16.0,2.0,2.0,2.0
830.0,5.0,1.0,0.0,0.0,2810.0,148.0,31.0,63.0,47.0
640.0,46.0,7.0,0.0,15.0,670.0,54.0,14.0,37.0,4.0
280.0,2.0,0.0,0.0,0.0,15.0,67.0,8.0,11.0,9.0
80.0,0.0,0.0,0.0,0.0,930.0,15.0,9.0,3.0,4.0
540.0,23.0,6.0,0.0,10.0,2220.0,66.0,5.0,8.0,18.0
480.0,28.0,3.5,0.0,55.0,990.0,50.0,0.0,30.0,3.0
460.0,15.0,3.0,0.0,0.0,1410.0,72.0,6.0,0.0,9.0
590.0,21.0,5.0,0.0,0.0,2590.0,88.0,6.0,1.0,12.0
1200.0,98.0,16.0,0.0,80.0,1010.0,65.0,8.0,12.0,8.0
840.0,40.0,5.0,0.0,0.0,2890.0,108.0,9.0,0.0,13.0
280.0,2.5,0.0,0.0,0.0,10.0,67.0,7.0,8.0,10.0
300.0,15.0,2.5,0.0,30.0,620.0,27.0,1.0,3.0,14.0
310.0,17.0,2.5,0.0,30.0,790.0,27.0,1.0,3.0,14.0
320.0,15.0,2.5,0.0,30.0,680.0,31.0,1.0,7.0,14.0
340.0,19.0,3.0,0.0,30.0,680.0,27.0,1.0,3.0,14.0
650.0,35.0,4.5,0.0,90.0,1260.0,49.0,1.0,6.0,34.0
470.0,24.0,3.5,0.0,60.0,1170.0,39.0,,4.0,24.0
500.0,27.0,4.0,0.0,60.0,1500.0,39.0,,4.0,24.0
510.0,25.0,3.5,0.0,60.0,1290.0,48.0,,12.0,24.0
540.0,32.0,4.5,0.0,60.0,1290.0,40.0,,5.0,24.0
630.0,34.0,7.0,0.0,70.0,1260.0,53.0,4.0,3.0,28.0
350.0,3.5,0.5,0.0,55.0,1350.0,55.0,2.0,22.0,24.0
620.0,33.0,4.0,0.0,85.0,2140.0,49.0,1.0,6.0,34.0
720.0,41.0,25.0,0.0,80.0,1750.0,60.0,7.0,5.0,26.0
740.0,35.0,6.0,0.0,45.0,2350.0,81.0,6.0,2.0,26.0
270.0,14.0,3.5,0.0,20.0,850.0,27.0,2.0,1.0,11.0
40.0,2.0,1.0,0.0,5.0,90.0,2.0,1.0,1.0,3.0
15.0,0.0,0.0,0.0,0.0,10.0,3.0,2.0,2.0,1.0
160.0,17.0,2.0,0.0,10.0,220.0,1.0,0.0,1.0,0.0
35.0,0.0,0.0,0.0,0.0,410.0,8.0,0.0,2.0,1.0
260.0,26.0,5.0,0.0,15.0,540.0,4.0,0.0,2.0,2.0
15.0,0.5,0.0,0.0,0.0,510.0,2.0,0.0,1.0,0.0
60.0,3.0,0.0,0.0,0.0,135.0,8.0,,0.0,2.0
230.0,10.0,2.5,0.0,0.0,140.0,32.0,,12.0,2.0
300.0,15.0,3.0,0.0,50.0,260.0,39.0,1.0,27.0,4.0
220.0,10.0,2.0,0.0,30.0,170.0,30.0,0.0,20.0,2.0
300.0,12.0,2.5,0.0,40.0,190.0,49.0,1.0,35.0,3.0
300.0,13.0,2.5,0.0,50.0,230.0,43.0,0.0,31.0,3.0
120.0,6.0,3.0,0.0,,70.0,18.0,1.0,12.0,1.0
270.0,13.0,8.0,0.0,,210.0,35.0,1.0,24.0,3.0
300.0,17.0,9.0,0.0,,270.0,33.0,1.0,22.0,5.0
45.0,0.0,0.0,0.0,0.0,150.0,11.0,0.0,11.0,0.0
35.0,4.0,1.5,0.0,0.0,35.0,0.0,0.0,0.0,0.0
35.0,0.0,0.0,0.0,0.0,10.0,9.0,0.0,7.0,0.0
110.0,9.0,1.5,0.0,,120.0,6.0,0.0,6.0,0.0
30.0,0.0,0.0,0.0,0.0,0.0,8.0,0.0,5.0,0.0
30.0,0.0,0.0,0.0,0.0,250.0,8.0,0.0,6.0,0.0
90.0,8.0,1.5,0.0,10.0,170.0,5.0,0.0,5.0,0.0
5.0,0.0,0.0,0.0,0.0,20.0,1.0,0.0,0.0,0.0
130.0,14.0,2.5,0.0,10.0,240.0,2.0,0.0,1.0,0.0
35.0,0.0,0.0,0.0,0.0,0.0,9.0,0.0,6.0,0.0
80.0,0.0,0.0,0.0,0.0,25.0,21.0,0.0,20.0,0.0
150.0,2.5,1.5,0.0,10.0,170.0,26.0,0.0,23.0,7.0
90.0,2.0,1.5,0.0,10.0,105.0,10.0,0.0,10.0,7.0
45.0,0.0,0.0,0.0,0.0,0.0,12.0,1.0,8.0,0.0
140.0,0.0,0.0,0.0,0.0,50.0,35.0,0.0,35.0,0.0
190.0,0.0,0.0,0.0,0.0,70.0,46.0,0.0,46.0,0.0
240.0,0.0,0.0,0.0,0.0,85.0,58.0,0.0,58.0,0.0
350.0,0.0,0.0,0.0,0.0,125.0,87.0,0.0,87.0,0.0
880.0,0.0,0.0,0.0,0.0,780.0,234.0,0.0,228.0,0.0
140.0,0.0,0.0,0.0,0.0,130.0,39.0,0.0,38.0,0.0
170.0,0.0,0.0,0.0,0.0,50.0,46.0,0.0,46.0,0.0
230.0,0.0,0.0,0.0,0.0,65.0,62.0,0.0,62.0,0.0
290.0,0.0,0.0,0.0,0.0,85.0,77.0,0.0,77.0,0.0
430.0,0.0,0.0,0.0,0.0,125.0,116.0,0.0,115.0,0.0
0.0,0.0,0.0,0.0,0.0,70.0,0.0,0.0,0.0,0.0
0.0,0.0,0.0,0.0,0.0,95.0,0.0,0.0,0.0,0.0
0.0,0.0,0.0,0.0,0.0,120.0,0.0,0.0,0.0,0.0
0.0,0.0,0.0,0.0,0.0,180.0,0.0,0.0,0.0,0.0
0.0,0.0,0.0,0.0,0.0,35.0,0.0,0.0,0.0,0.0
0.0,0.0,0.0,0.0,0.0,50.0,0.0,0.0,0.0,0.0
0.0,0.0,0.0,0.0,0.0,60.0,0.0,0.0,0.0,0.0
5.0,0.0,0.0,0.0,0.0,95.0,0.0,0.0,0.0,0.0
0.0,0.0,0.0,0.0,0.0,55.0,1.0,0.0,0.0,0.0
5.0,0.0,0.0,0.0,0.0,75.0,1.0,0.0,0.0,0.0
10.0,0.0,0.0,0.0,0.0,90.0,1.0,0.0,1.0,0.0
10.0,0.0,0.0,0.0,0.0,140.0,1.0,0.0,1.0,0.0
0.0,0.0,0.0,0.0,0.0,55.0,0.0,0.0,0.0,0.0
0.0,0.0,0.0,0.0,0.0,75.0,0.0,0.0,0.0,0.0
0.0,0.0,0.0,0.0,0.0,95.0,0.0,0.0,0.0,0.0
0.0,0.0,0.0,0.0,0.0,140.0,0.0,0.0,0.0,0.0
0.0,0.0,0.0,0.0,0.0,35.0,0.0,0.0,0.0,0.0
0.0,0.0,0.0,0.0,0.0,50.0,0.0,0.0,0.0,0.0
0.0,0.0,0.0,0.0,0.0,60.0,0.0,0.0,0.0,0.0
0.0,0.0,0.0,0.0,0.0,95.0,0.0,0.0,0.0,0.0
140.0,0.0,0.0,0.0,0.0,45.0,39.0,0.0,38.0,0.0
190.0,0.0,0.0,0.0,0.0,60.0,52.0,0.0,51.0,0.0
240.0,0.0,0.0,0.0,0.0,75.0,65.0,0.0,64.0,0.0
360.0,0.0,0.0,0.0,0.0,110.0,98.0,0.0,96.0,0.0
80.0,0.0,0.0,0.0,0.0,40.0,22.0,0.0,22.0,0.0
110.0,0.0,0.0,0.0,0.0,55.0,29.0,0.0,29.0,0.0
140.0,0.0,0.0,0.0,0.0,70.0,36.0,0.0,36.0,0.0
210.0,0.0,0.0,0.0,0.0,105.0,55.0,0.0,54.0,0.0
0.0,0.0,0.0,0.0,0.0,105.0,0.0,0.0,0.0,0.0
0.0,0.0,0.0,0.0,0.0,140.0,0.0,0.0,0.0,0.0
5.0,0.0,0.0,0.0,0.0,180.0,0.0,0.0,0.0,0.0
10.0,0.0,0.0,0.0,0.0,270.0,0.0,0.0,0.0,0.0
80.0,0.0,0.0,0.0,0.0,45.0,20.0,0.0,20.0,0.0
100.0,0.0,0.0,0.0,0.0,55.0,26.0,0.0,26.0,0.0
130.0,0.0,0.0,0.0,0.0,70.0,33.0,0.0,33.0,0.0
190.0,0.0,0.0,0.0,0.0,110.0,49.0,0.0,49.0,0.0
80.0,0.0,0.0,0.0,0.0,45.0,22.0,0.0,21.0,0.0
110.0,0.0,0.0,0.0,0.0,65.0,29.0,0.0,29.0,0.0
130.0,0.0,0.0,0.0,0.0,80.0,36.0,0.0,36.0,0.0
200.0,0.0,0.0,0.0,0.0,120.0,54.0,0.0,54.0,0.0
0.0,0.0,0.0,0.0,0.0,45.0,0.0,0.0,0.0,0.0
0.0,0.0,0.0,0.0,0.0,60.0,0.0,0.0,0.0,0.0
0.0,0.0,0.0,0.0,0.0,75.0,0.0,0.0,0.0,0.0
0.0,0.0,0.0,0.0,0.0,115.0,0.0,0.0,0.0,0.0
160.0,0.0,0.0,0.0,0.0,35.0,42.0,0.0,42.0,0.0
210.0,0.0,0.0,0.0,0.0,45.0,57.0,0.0,57.0,0.0
260.0,0.0,0.0,0.0,0.0,55.0,71.0,0.0,71.0,0.0
400.0,0.0,0.0,0.0,0.0,80.0,106.0,0.0,106.0,0.0
160.0,0.0,0.0,0.0,0.0,70.0,44.0,0.0,44.0,0.0
220.0,0.0,0.0,0.0,0.0,95.0,58.0,0.0,58.0,0.0
270.0,0.0,0.0,0.0,0.0,120.0,73.0,0.0,73.0,0.0
410.0,0.0,0.0,0.0,0.0,180.0,109.0,0.0,109.0,0.0
150.0,0.0,0.0,0.0,0.0,35.0,41.0,0.0,41.0,0.0
200.0,0.0,0.0,0.0,0.0,45.0,54.0,0.0,54.0,0.0
260.0,0.0,0.0,0.0,0.0,55.0,68.0,0.0,68.0,0.0
380.0,0.0,0.0,0.0,0.0,80.0,101.0,0.0,101.0,0.0
120.0,0.0,0.0,0.0,0.0,190.0,32.0,0.0,25.0,0.0
160.0,0.0,0.0,0.0,0.0,50.0,44.0,0.0,44.0,0.0
220.0,0.0,0.0,0.0,0.0,70.0,59.0,0.0,58.0,0.0
270.0,0.0,0.0,0.0,0.0,85.0,73.0,0.0,73.0,0.0
410.0,0.0,0.0,0.0,0.0,125.0,110.0,0.0,109.0,0.0
140.0,0.0,0.0,0.0,0.0,45.0,39.0,0.0,39.0,0.0
190.0,0.0,0.0,0.0,0.0,60.0,52.0,0.0,52.0,0.0
240.0,0.0,0.0,0.0,0.0,75.0,65.0,0.0,65.0,0.0
360.0,0.0,0.0,0.0,0.0,110.0,98.0,0.0,98.0,0.0
0.0,0.0,0.0,0.0,0.0,35.0,0.0,0.0,0.0,0.0
0.0,0.0,0.0,0.0,0.0,50.0,0.0,0.0,0.0,0.0
0.0,0.0,0.0,0.0,0.0,60.0,0.0,0.0,0.0,0.0
0.0,0.0,0.0,0.0,0.0,95.0,1.0,0.0,0.0,0.0
150.0,0.0,0.0,0.0,0.0,30.0,41.0,0.0,41.0,0.0
200.0,0.0,0.0,0.0,0.0,45.0,55.0,0.0,55.0,0.0
250.0,0.0,0.0,0.0,0.0,55.0,69.0,0.0,69.0,0.0
380.0,0.0,0.0,0.0,0.0,80.0,104.0,0.0,103.0,0.0
0.0,0.0,0.0,0.0,0.0,45.0,0.0,0.0,0.0,0.0
0.0,0.0,0.0,0.0,0.0,65.0,0.0,0.0,0.0,0.0
0.0,0.0,0.0,0.0,0.0,80.0,0.0,0.0,0.0,0.0
5.0,0.0,0.0,0.0,0.0,120.0,1.0,0.0,0.0,0.0
950.0,0.0,0.0,0.0,0.0,790.0,270.0,0.0,264.0,0.0
170.0,0.0,0.0,0.0,0.0,130.0,45.0,0.0,44.0,0.0
170.0,0.0,0.0,0.0,0.0,35.0,45.0,0.0,45.0,0.0
230.0,0.0,0.0,0.0,0.0,45.0,60.0,0.0,60.0,0.0
280.0,0.0,0.0,0.0,0.0,60.0,75.0,0.0,75.0,0.0
420.0,0.0,0.0,0.0,0.0,90.0,113.0,0.0,112.0,0.0
5.0,0.0,0.0,0.0,0.0,140.0,0.0,0.0,0.0,0.0
10.0,0.0,0.0,0.0,0.0,190.0,0.0,0.0,0.0,0.0
10.0,0.0,0.0,0.0,0.0,240.0,0.0,0.0,0.0,0.0
15.0,0.0,0.0,0.0,0.0,350.0,1.0,0.0,0.0,0.0
150.0,0.0,0.0,0.0,0.0,160.0,40.0,0.0,40.0,0.0
210.0,0.0,0.0,0.0,0.0,210.0,53.0,0.0,53.0,0.0
260.0,0.0,0.0,0.0,0.0,260.0,67.0,0.0,67.0,0.0
390.0,0.0,0.0,0.0,0.0,390.0,100.0,0.0,100.0,0.0
170.0,0.0,0.0,0.0,0.0,35.0,46.0,0.0,46.0,0.0
230.0,0.0,0.0,0.0,0.0,50.0,61.0,0.0,61.0,0.0
290.0,0.0,0.0,0.0,0.0,60.0,76.0,0.0,76.0,0.0
430.0,0.0,0.0,0.0,0.0,90.0,115.0,0.0,114.0,0.0
160.0,0.0,0.0,0.0,0.0,30.0,42.0,0.0,42.0,0.0
210.0,0.0,0.0,0.0,0.0,40.0,56.0,0.0,56.0,0.0
260.0,0.0,0.0,0.0,0.0,50.0,70.0,0.0,70.0,0.0
390.0,0.0,0.0,0.0,0.0,80.0,105.0,0.0,105.0,0.0
360.0,24.0,7.0,1.0,35.0,750.0,22.0,2.0,0.0,13.0
390.0,26.0,7.0,1.0,35.0,910.0,26.0,2.0,0.0,13.0
300.0,16.0,2.0,0.0,210.0,770.0,18.0,,0.0,20.0
230.0,13.0,2.5,0.0,285.0,750.0,12.0,0.0,0.0,17.0
440.0,27.0,5.0,0.0,50.0,840.0,31.0,2.0,3.0,20.0
120.0,0.0,0.0,0.0,0.0,35.0,30.0,0.0,30.0,0.0
150.0,0.0,0.0,0.0,0.0,40.0,38.0,0.0,38.0,0.0
250.0,12.0,4.5,0.0,25.0,610.0,24.0,3.0,2.0,10.0
140.0,0.0,0.0,0.0,0.0,35.0,35.0,0.0,34.0,0.0
170.0,0.0,0.0,0.0,0.0,40.0,43.0,0.0,42.0,0.0
320.0,18.0,1.5,0.0,,630.0,35.0,4.0,2.0,4.0
710.0,40.0,6.0,0.0,30.0,1440.0,73.0,10.0,4.0,13.0
330.0,15.0,3.0,0.0,10.0,430.0,39.0,5.0,3.0,10.0
630.0,29.0,10.0,0.0,35.0,1260.0,73.0,7.0,5.0,19.0
650.0,33.0,12.0,0.5,55.0,1390.0,67.0,6.0,5.0,22.0
350.0,18.0,5.0,0.0,25.0,560.0,33.0,4.0,3.0,13.0
330.0,15.0,3.5,0.0,35.0,560.0,31.0,2.0,3.0,16.0
330.0,16.0,4.0,0.0,30.0,530.0,32.0,2.0,3.0,15.0
500.0,28.0,10.0,0.5,55.0,850.0,41.0,5.0,4.0,20.0
170.0,9.0,3.5,0.0,25.0,310.0,13.0,3.0,,8.0
190.0,11.0,4.5,0.0,25.0,340.0,15.0,3.0,2.0,8.0
250.0,12.0,4.5,0.0,25.0,610.0,24.0,3.0,2.0,10.0
170.0,9.0,3.5,0.0,25.0,360.0,13.0,3.0,,8.0
190.0,11.0,4.5,0.0,30.0,380.0,15.0,3.0,2.0,8.0
180.0,9.0,4.0,0.0,25.0,500.0,17.0,3.0,1.0,9.0
160.0,5.0,2.5,0.0,30.0,500.0,16.0,1.0,1.0,12.0
,,,,,,,,,
210.0,10.0,5.0,0.0,25.0,520.0,20.0,3.0,2.0,10.0
180.0,7.0,3.5,0.0,35.0,520.0,18.0,2.0,2.0,13.0
350.0,9.0,3.5,0.0,5.0,1000.0,54.0,11.0,3.0,13.0
490.0,18.0,7.0,0.0,30.0,1250.0,63.0,9.0,5.0,18.0
390.0,14.0,6.0,0.0,25.0,1110.0,51.0,9.0,4.0,16.0
370.0,11.0,4.5,0.0,35.0,1110.0,49.0,8.0,4.0,19.0
370.0,12.0,5.0,0.0,30.0,1090.0,49.0,7.0,4.0,18.0
370.0,17.0,8.0,0.0,35.0,970.0,40.0,4.0,2.0,16.0
650.0,33.0,12.0,0.5,55.0,1390.0,67.0,6.0,5.0,22.0
620.0,29.0,11.0,0.0,65.0,1390.0,66.0,4.0,4.0,25.0
630.0,30.0,11.0,0.0,60.0,1370.0,66.0,4.0,4.0,24.0
220.0,13.0,1.5,0.0,,250.0,24.0,2.0,2.0,2.0
320.0,18.0,1.5,0.0,,630.0,35.0,4.0,2.0,4.0
710.0,40.0,6.0,0.0,30.0,1440.0,73.0,10.0,4.0,13.0
740.0,38.0,7.0,0.0,25.0,1050.0,82.0,15.0,5.0,16.0
720.0,35.0,6.0,0.0,35.0,1050.0,81.0,14.0,5.0,20.0
720.0,36.0,6.0,0.0,30.0,1030.0,81.0,14.0,5.0,19.0
650.0,33.0,12.0,0.5,55.0,1390.0,67.0,6.0,5.0,22.0
630.0,29.0,10.0,0.0,35.0,1260.0,73.0,7.0,5.0,19.0
470.0,25.0,12.0,0.5,50.0,990.0,37.0,4.0,2.0,19.0
510.0,26.0,12.0,0.5,75.0,1250.0,38.0,4.0,2.0,27.0
520.0,27.0,12.0,0.5,70.0,1230.0,38.0,4.0,2.0,27.0
440.0,27.0,5.0,0.0,50.0,840.0,31.0,2.0,3.0,20.0
330.0,15.0,3.0,0.0,10.0,430.0,39.0,5.0,3.0,10.0
510.0,17.0,4.5,0.0,5.0,1080.0,77.0,8.0,6.0,13.0
630.0,29.0,10.0,0.0,35.0,1260.0,73.0,7.0,5.0,19.0
350.0,18.0,5.0,0.0,25.0,560.0,33.0,4.0,3.0,13.0
500.0,28.0,10.0,0.5,55.0,850.0,41.0,5.0,4.0,20.0
180.0,9.0,5.0,0.0,20.0,430.0,15.0,2.0,,9.0
530.0,21.0,6.0,0.0,25.0,1200.0,71.0,6.0,6.0,16.0
170.0,9.0,3.5,0.0,25.0,310.0,13.0,3.0,,8.0
170.0,9.0,3.5,0.0,25.0,360.0,13.0,3.0,,8.0
740.0,38.0,7.0,0.0,25.0,1050.0,82.0,15.0,5.0,16.0
470.0,19.0,6.0,0.0,70.0,1200.0,50.0,7.0,2.0,26.0
510.0,26.0,12.0,0.5,75.0,1250.0,38.0,4.0,2.0,27.0
650.0,33.0,12.0,0.5,55.0,1390.0,67.0,6.0,5.0,22.0
180.0,9.0,4.0,0.0,25.0,500.0,17.0,3.0,1.0,9.0
210.0,10.0,5.0,0.0,25.0,520.0,20.0,3.0,2.0,10.0
430.0,17.0,5.0,0.0,20.0,810.0,57.0,10.0,2.0,12.0
170.0,3.5,0.0,0.0,0.0,320.0,31.0,4.0,0.0,4.0
50.0,1.0,0.0,0.0,0.0,135.0,8.0,3.0,0.0,2.0
160.0,9.0,2.0,0.0,5.0,80.0,17.0,0.0,10.0,2.0
930.0,53.0,13.0,2.0,40.0,480.0,104.0,3.0,59.0,9.0
170.0,6.0,0.0,0.0,0.0,210.0,27.0,,13.0,1.0
0.0,0.0,0.0,0.0,0.0,30.0,0.0,0.0,0.0,0.0
0.0,0.0,0.0,0.0,0.0,55.0,0.0,0.0,0.0,0.0
0.0,0.0,0.0,0.0,0.0,45.0,0.0,0.0,0.0,0.0
0.0,0.0,0.0,0.0,0.0,30.0,0.0,0.0,0.0,0.0
120.0,0.0,0.0,0.0,0.0,35.0,30.0,0.0,30.0,0.0
150.0,0.0,0.0,0.0,0.0,40.0,38.0,0.0,38.0,0.0
190.0,0.0,0.0,0.0,0.0,50.0,49.0,0.0,47.0,0.0
230.0,0.0,0.0,0.0,0.0,60.0,59.0,0.0,57.0,0.0
100.0,2.0,1.5,0.0,10.0,130.0,13.0,0.0,12.0,9.0
80.0,2.0,1.5,0.0,10.0,100.0,10.0,0.0,9.0,7.0
140.0,0.0,0.0,0.0,0.0,35.0,35.0,0.0,34.0,0.0
170.0,0.0,0.0,0.0,0.0,40.0,43.0,0.0,42.0,0.0
150.0,0.0,0.0,0.0,0.0,45.0,41.0,0.0,41.0,0.0
190.0,0.0,0.0,0.0,0.0,55.0,51.0,0.0,51.0,0.0
140.0,0.0,0.0,0.0,0.0,20.0,33.0,,28.0,2.0
10.0,0.0,0.0,0.0,0.0,0.0,0.0,0.0,0.0,2.0
10.0,0.0,0.0,0.0,0.0,0.0,0.0,0.0,0.0,2.0
0.0,0.0,0.0,0.0,0.0,0.0,0.0,0.0,0.0,0.0
150.0,0.0,0.0,0.0,0.0,40.0,41.0,0.0,41.0,0.0
190.0,0.0,0.0,0.0,0.0,55.0,51.0,0.0,51.0,0.0
430.0,19.0,5.0,0.0,20.0,970.0,51.0,4.0,3.0,12.0
420.0,16.0,4.0,0.0,,880.0,56.0,7.0,3.0,10.0
180.0,9.0,5.0,0.0,20.0,430.0,15.0,2.0,,9.0
190.0,9.0,3.0,0.0,35.0,530.0,15.0,1.0,,12.0
220.0,13.0,1.5,0.0,,250.0,24.0,2.0,2.0,2.0
170.0,6.0,0.0,0.0,0.0,210.0,27.0,,13.0,1.0
250.0,12.0,4.5,0.0,25.0,610.0,24.0,3.0,2.0,10.0
350.0,9.0,3.5,0.0,5.0,1000.0,54.0,11.0,3.0,13.0
330.0,15.0,3.0,0.0,10.0,430.0,39.0,5.0,3.0,10.0
510.0,17.0,4.5,0.0,5.0,1080.0,77.0,8.0,6.0,13.0
630.0,29.0,10.0,0.0,35.0,1260.0,73.0,7.0,5.0,19.0
170.0,3.5,0.0,0.0,0.0,320.0,31.0,4.0,0.0,4.0
470.0,25.0,12.0,0.5,50.0,990.0,37.0,4.0,2.0,19.0
420.0,16.0,4.0,0.0,,880.0,56.0,7.0,3.0,10.0
180.0,9.0,5.0,0.0,20.0,430.0,15.0,2.0,,9.0
220.0,13.0,1.5,0.0,,250.0,24.0,2.0,2.0,2.0
160.0,9.0,2.0,0.0,5.0,80.0,17.0,0.0,10.0,2.0
930.0,53.0,13.0,2.0,40.0,480.0,104.0,3.0,59.0,9.0
170.0,6.0,0.0,0.0,0.0,210.0,27.0,,13.0,1.0
160.0,12.0,1.0,0.0,0.0,270.0,13.0,2.0,0.0,1.0
430.0,17.0,5.0,0.0,20.0,810.0,57.0,10.0,2.0,12.0
470.0,19.0,6.0,0.0,70.0,1200.0,50.0,7.0,2.0,26.0
480.0,20.0,7.0,0.0,60.0,1150.0,51.0,7.0,2.0,25.0
430.0,17.0,5.0,0.0,20.0,810.0,57.0,10.0,2.0,12.0
670.0,41.0,12.0,0.0,140.0,1270.0,50.0,4.0,3.0,21.0
720.0,47.0,15.0,0.0,145.0,1210.0,51.0,4.0,3.0,21.0
660.0,38.0,12.0,0.0,145.0,1300.0,51.0,4.0,3.0,24.0
0.0,0.0,0.0,0.0,0.0,50.0,,0.0,0.0,0.0
350.0,16.0,4.5,0.0,115.0,870.0,36.0,2.0,3.0,13.0
340.0,14.0,3.5,0.0,100.0,750.0,43.0,3.0,3.0,10.0
340.0,17.0,5.0,0.0,110.0,730.0,36.0,2.0,3.0,11.0
160.0,9.0,2.0,0.0,5.0,80.0,17.0,0.0,10.0,2.0
930.0,53.0,13.0,2.0,40.0,480.0,104.0,3.0,59.0,9.0
560.0,30.0,10.0,0.0,230.0,1290.0,49.0,4.0,3.0,24.0
560.0,31.0,10.0,0.0,230.0,1150.0,49.0,4.0,3.0,22.0
560.0,28.0,9.0,0.0,240.0,1310.0,50.0,4.0,3.0,27.0
160.0,12.0,1.0,0.0,0.0,270.0,13.0,2.0,0.0,1.0
570.0,33.0,10.0,0.0,135.0,1270.0,49.0,4.0,2.0,21.0
570.0,34.0,10.0,0.0,130.0,1130.0,49.0,4.0,2.0,18.0
570.0,30.0,9.0,0.0,140.0,1290.0,50.0,4.0,2.0,24.0
190.0,,,,70.0,46.0,,,46.0,
100.0,,,,50.0,26.0,,,26.0,
0.0,,,,60.0,0.0,,,0.0,
0.0,,,,95.0,0.0,,,0.0,
5.0,,,,75.0,1.0,,,1.0,
0.0,,,,75.0,0.0,,,0.0,
190.0,,,,60.0,52.0,,,51.0,
30.0,,,,140.0,7.0,,,6.0,
220.0,,,,70.0,59.0,,,58.0,
220.0,,,,65.0,59.0,,,59.0,
5.0,,,,70.0,0.0,,,0.0,
70.0,,,,75.0,18.0,,,18.0,
190.0,,,,60.0,52.0,,,52.0,
200.0,,,,45.0,55.0,,,55.0,
210.0,,,,40.0,56.0,,,56.0,
0.0,,,,85.0,0.0,,,0.0,
200.0,,,,45.0,54.0,,,54.0,
210.0,,,,210.0,53.0,,,53.0,
240.0,,,,85.0,58.0,,,58.0,
120.0,,,,60.0,32.0,,,32.0,
0.0,,,,75.0,0.0,,,0.0,
0.0,,,,120.0,0.0,,,0.0,
10.0,,,,90.0,1.0,,,1.0,
0.0,,,,95.0,0.0,,,0.0,
240.0,,,,75.0,65.0,,,64.0,
35.0,,,,180.0,9.0,,,8.0,
270.0,,,,85.0,73.0,,,73.0,
280.0,,,,80.0,74.0,,,73.0,
10.0,,,,85.0,0.0,,,0.0,
90.0,,,,90.0,23.0,,,22.0,
240.0,,,,75.0,65.0,,,65.0,
250.0,,,,55.0,69.0,,,69.0,
260.0,,,,50.0,70.0,,,70.0,
0.0,,,,105.0,0.0,,,0.0,
260.0,,,,55.0,68.0,,,68.0,
260.0,,,,260.0,67.0,,,67.0,
,,,,,,,,,
,,,,,,,,,
350.0,,,,125.0,87.0,,,87.0,
180.0,,,,90.0,48.0,,,48.0,
0.0,,,,115.0,0.0,,,0.0,
0.0,,,,180.0,1.0,,,0.0,
10.0,,,,140.0,1.0,,,1.0,
0.0,,,,140.0,0.0,,,0.0,
360.0,,,,110.0,98.0,,,96.0,
50.0,,,,270.0,13.0,,,12.0,
410.0,,,,125.0,110.0,,,109.0,
420.0,,,,120.0,110.0,,,110.0,
15.0,,,,125.0,0.0,,,0.0,
130.0,,,,140.0,34.0,,,33.0,
360.0,,,,110.0,98.0,,,98.0,
380.0,,,,80.0,104.0,,,103.0,
390.0,,,,80.0,105.0,,,105.0,
0.0,,,,160.0,,,,0.0,
380.0,,,,80.0,101.0,,,101.0,
390.0,,,,390.0,100.0,,,100.0,
280.0,12.0,6.0,0.0,30.0,560.0,31.0,2.0,2.0,13.0
330.0,17.0,7.0,0.0,40.0,720.0,30.0,2.0,2.0,14.0
320.0,16.0,6.0,0.0,35.0,640.0,31.0,2.0,2.0,14.0
290.0,13.0,6.0,0.0,30.0,570.0,31.0,2.0,2.0,13.0
180.0,6.0,2.0,0.0,15.0,370.0,25.0,1.0,8.0,8.0
270.0,10.0,4.0,0.0,25.0,450.0,33.0,2.0,6.0,11.0
380.0,16.0,6.0,0.0,35.0,650.0,43.0,2.0,7.0,16.0
240.0,10.0,4.5,0.0,15.0,470.0,29.0,2.0,1.0,10.0
350.0,16.0,6.0,0.0,25.0,680.0,38.0,3.0,2.0,14.0
160.0,5.0,2.0,0.0,15.0,570.0,22.0,1.0,2.0,7.0
240.0,9.0,3.5,0.0,20.0,680.0,31.0,2.0,2.0,11.0
350.0,14.0,5.0,0.0,30.0,850.0,40.0,2.0,2.0,15.0
150.0,6.0,2.5,0.0,15.0,310.0,17.0,1.0,2.0,7.0
250.0,10.0,4.5,0.0,25.0,450.0,28.0,2.0,1.0,11.0
360.0,17.0,7.0,0.0,35.0,660.0,37.0,2.0,2.0,16.0
180.0,8.0,3.0,0.0,20.0,350.0,17.0,1.0,2.0,9.0
270.0,13.0,4.5,0.0,30.0,470.0,27.0,2.0,1.0,12.0
390.0,20.0,7.0,0.0,40.0,680.0,35.0,2.0,2.0,18.0
150.0,5.0,2.0,0.0,15.0,330.0,18.0,1.0,3.0,8.0
240.0,9.0,3.5,0.0,20.0,480.0,29.0,2.0,2.0,12.0
350.0,15.0,5.0,0.0,30.0,690.0,38.0,2.0,3.0,17.0
210.0,12.0,4.5,0.0,25.0,460.0,18.0,1.0,2.0,9.0
320.0,17.0,6.0,0.0,35.0,640.0,28.0,2.0,1.0,13.0
470.0,27.0,10.0,0.0,50.0,940.0,37.0,2.0,2.0,19.0
150.0,7.0,2.5,0.0,15.0,310.0,17.0,1.0,2.0,6.0
250.0,11.0,4.5,0.0,25.0,470.0,28.0,2.0,1.0,10.0
370.0,18.0,6.0,0.0,35.0,680.0,36.0,2.0,2.0,15.0
180.0,9.0,3.5,0.0,20.0,370.0,17.0,1.0,2.0,8.0
300.0,15.0,6.0,0.0,35.0,580.0,28.0,2.0,1.0,13.0
440.0,24.0,9.0,0.5,50.0,850.0,37.0,3.0,2.0,19.0
170.0,8.0,3.0,0.0,15.0,360.0,18.0,1.0,2.0,7.0
270.0,13.0,5.0,0.0,25.0,500.0,29.0,2.0,2.0,11.0
390.0,20.0,7.0,0.0,40.0,740.0,37.0,2.0,2.0,16.0
170.0,8.0,3.5,0.0,15.0,330.0,17.0,1.0,2.0,8.0
270.0,13.0,5.0,0.0,25.0,470.0,27.0,2.0,1.0,12.0
390.0,20.0,8.0,0.0,40.0,670.0,36.0,2.0,2.0,17.0
140.0,5.0,2.0,0.0,10.0,290.0,18.0,1.0,2.0,6.0
230.0,9.0,3.5,0.0,15.0,420.0,29.0,2.0,2.0,9.0
330.0,15.0,5.0,0.0,25.0,620.0,38.0,3.0,3.0,14.0
140.0,4.0,2.0,0.0,15.0,250.0,20.0,1.0,4.0,6.0
220.0,7.0,3.0,0.0,20.0,390.0,31.0,2.0,6.0,10.0
300.0,10.0,4.5,0.0,30.0,530.0,40.0,2.0,7.0,14.0
200.0,7.0,3.5,0.0,15.0,410.0,26.0,2.0,1.0,9.0
280.0,10.0,5.0,0.0,20.0,560.0,35.0,3.0,2.0,12.0
130.0,3.5,1.5,0.0,10.0,380.0,19.0,,,6.0
200.0,5.0,2.5,0.0,20.0,560.0,28.0,2.0,1.0,9.0
270.0,8.0,4.0,0.0,30.0,740.0,37.0,2.0,2.0,13.0
130.0,4.5,2.0,0.0,10.0,250.0,17.0,1.0,,6.0
210.0,8.0,3.5,0.0,20.0,390.0,26.0,2.0,1.0,10.0
290.0,10.0,5.0,0.0,30.0,540.0,34.0,3.0,2.0,13.0
150.0,6.0,2.5,0.0,15.0,270.0,16.0,1.0,,7.0
230.0,9.0,4.0,0.0,25.0,410.0,25.0,2.0,1.0,11.0
310.0,13.0,5.0,0.0,35.0,560.0,33.0,2.0,1.0,16.0
130.0,4.0,1.5,0.0,10.0,270.0,17.0,1.0,1.0,7.0
210.0,6.0,3.0,0.0,20.0,420.0,27.0,2.0,2.0,10.0
280.0,9.0,4.0,0.0,30.0,580.0,36.0,3.0,3.0,15.0
180.0,9.0,3.5,0.0,20.0,370.0,17.0,1.0,,7.0
290.0,15.0,6.0,0.0,30.0,590.0,26.0,2.0,1.0,12.0
390.0,21.0,8.0,0.0,45.0,830.0,34.0,3.0,2.0,17.0
130.0,5.0,2.0,0.0,10.0,260.0,16.0,1.0,,6.0
220.0,9.0,4.0,0.0,20.0,420.0,25.0,2.0,1.0,9.0
300.0,13.0,6.0,0.0,30.0,590.0,34.0,3.0,2.0,13.0
160.0,7.0,3.0,0.0,20.0,310.0,17.0,1.0,,7.0
270.0,13.0,6.0,0.0,35.0,530.0,26.0,2.0,1.0,12.0
370.0,18.0,8.0,0.0,50.0,740.0,35.0,3.0,2.0,17.0
150.0,6.0,2.5,0.0,15.0,280.0,17.0,1.0,1.0,6.0
240.0,10.0,4.0,0.0,25.0,450.0,26.0,2.0,2.0,10.0
320.0,14.0,6.0,0.0,35.0,630.0,35.0,3.0,2.0,14.0
150.0,6.0,2.5,0.0,15.0,250.0,16.0,1.0,,6.0
230.0,10.0,4.5,0.0,25.0,390.0,25.0,2.0,1.0,11.0
310.0,13.0,6.0,0.0,35.0,540.0,33.0,2.0,1.0,15.0
120.0,4.0,1.5,0.0,10.0,230.0,17.0,1.0,1.0,5.0
200.0,6.0,2.5,0.0,15.0,370.0,27.0,2.0,2.0,8.0
260.0,9.0,4.0,0.0,20.0,510.0,36.0,3.0,3.0,11.0
